captured_at,match_id,home,away,commence_time,odds_1,odds_x,odds_2
2026-06-11T23:44:56.128524+00:00,384cbb5d76b535896a24fe65f93cfac8,South Korea,Czech Republic,2026-06-12T02:00:00+00:00,2.69,3.1,3.06
2026-06-11T23:44:56.128524+00:00,d1f4f946c70a0b4e81f5d43e9d32361c,Canada,Bosnia & Herzegovina,2026-06-12T19:00:00+00:00,1.85,3.55,5.1
2026-06-11T23:44:56.128524+00:00,c12986f447a515fbe641addd786dbb24,USA,Paraguay,2026-06-13T01:00:00+00:00,1.94,3.52,4.23
2026-06-11T23:44:56.128524+00:00,26634922d3f78c146440816023e40de8,Qatar,Switzerland,2026-06-13T19:00:00+00:00,16.0,7.0,1.23
2026-06-11T23:44:56.128524+00:00,f6c8748a16516e0998f95de14235432a,Brazil,Morocco,2026-06-13T22:00:00+00:00,1.7,3.74,5.52
2026-06-11T23:44:56.128524+00:00,5ae41a06735c926eeb7f74006933adce,Haiti,Scotland,2026-06-14T01:00:00+00:00,5.87,4.26,1.58
2026-06-11T23:44:56.128524+00:00,564084f52cc9f1abcc18187c168a7cdc,Australia,Turkey,2026-06-14T04:00:00+00:00,5.4,3.87,1.73
2026-06-11T23:44:56.128524+00:00,d79edbd6aaeb578d33e313446b18d333,Germany,Curaçao,2026-06-14T17:00:00+00:00,1.04,19.0,41.0
2026-06-11T23:44:56.128524+00:00,32ec06abda2398ac41501c86eb9aa376,Netherlands,Japan,2026-06-14T20:00:00+00:00,2.03,3.62,3.75
2026-06-11T23:44:56.128524+00:00,05752bb341e197001387b64f3a06b9b2,Ivory Coast,Ecuador,2026-06-14T23:00:00+00:00,3.69,2.82,2.45
2026-06-11T23:44:56.128524+00:00,b55f9569de3f4d731bc5537ff5ff43e4,Sweden,Tunisia,2026-06-15T02:00:00+00:00,1.92,3.5,4.5
2026-06-11T23:44:56.128524+00:00,c54f00b11925751d2b62988775c6c239,Spain,Cape Verde,2026-06-15T16:00:00+00:00,1.07,11.86,29.08
2026-06-11T23:44:56.128524+00:00,fbfb95c62003fd6d828b309f96ee1f9b,Belgium,Egypt,2026-06-15T19:00:00+00:00,1.65,4.0,5.6
2026-06-11T23:44:56.128524+00:00,64b91c5f2db61c7358a4f05459e83c52,Saudi Arabia,Uruguay,2026-06-15T22:00:00+00:00,7.75,4.46,1.46
2026-06-11T23:44:56.128524+00:00,ec51b9c44ad5e34552f3ab53f7262813,Iran,New Zealand,2026-06-16T01:00:00+00:00,1.83,3.57,4.73
2026-06-11T23:44:56.128524+00:00,73a4fcd14cc9766b9b9bfd50b8ca153a,France,Senegal,2026-06-16T19:00:00+00:00,1.49,4.4,7.09
2026-06-11T23:44:56.128524+00:00,4d4f2b9b78182b557d4fbf8dcf4f4af2,Iraq,Norway,2026-06-16T22:00:00+00:00,16.0,6.75,1.22
2026-06-11T23:44:56.128524+00:00,f31b2ee9e1cc6f7e641467f8237eaa21,Argentina,Algeria,2026-06-17T01:00:00+00:00,1.41,4.55,9.05
2026-06-11T23:44:56.128524+00:00,25161cf6cf0cd9be17ae2e7e224a1f45,Austria,Jordan,2026-06-17T04:00:00+00:00,1.29,6.1,11.0
2026-06-11T23:44:56.128524+00:00,6cc871c121a1869b4612d3fb22fa9d55,Portugal,DR Congo,2026-06-17T17:00:00+00:00,1.3,5.8,11.5
2026-06-11T23:44:56.128524+00:00,689096c8cd7e2753b9fec95321943c5d,England,Croatia,2026-06-17T20:00:00+00:00,1.73,3.9,4.96
2026-06-11T23:44:56.128524+00:00,87afdb85c977b451e1c00f5e3e632601,Ghana,Panama,2026-06-17T23:00:00+00:00,2.18,3.51,3.45
2026-06-11T23:44:56.128524+00:00,22083e7a8e5362c711bc05c1e1319a1f,Uzbekistan,Colombia,2026-06-18T02:00:00+00:00,9.17,4.73,1.39
2026-06-11T23:44:56.128524+00:00,66ebb9e3f949caded535d97ce686ca09,Czech Republic,South Africa,2026-06-18T16:00:00+00:00,1.68,3.75,5.3
2026-06-11T23:44:56.128524+00:00,289bc2e9f5adad8ae4d9a75a7c5461ad,Switzerland,Bosnia & Herzegovina,2026-06-18T19:00:00+00:00,1.57,3.9,6.1
2026-06-11T23:44:56.128524+00:00,fa9502285b257b03e62968d50d9229fc,Canada,Qatar,2026-06-18T22:00:00+00:00,1.26,4.8,8.5
2026-06-11T23:44:56.128524+00:00,0f2aeae6ac8e77223848d23a4ca86b0d,Mexico,South Korea,2026-06-19T01:00:00+00:00,1.8,3.5,4.75
2026-06-11T23:44:56.128524+00:00,065b3573e875f8d23803357f73e5b99e,USA,Australia,2026-06-19T19:00:00+00:00,1.75,4.0,4.6
2026-06-11T23:44:56.128524+00:00,4cd769aa7bae0ad9762bd69b80ef2903,Scotland,Morocco,2026-06-19T22:00:00+00:00,3.65,3.15,1.9
2026-06-11T23:44:56.128524+00:00,ef0f74a991d3e35798ae5af77667bce1,Brazil,Haiti,2026-06-20T01:00:00+00:00,1.08,11.5,31.0
2026-06-11T23:44:56.128524+00:00,f955d4b3395ce6e3b5ac1031ca52ca4e,Turkey,Paraguay,2026-06-20T03:00:00+00:00,2.28,3.3,3.55
2026-06-11T23:44:56.128524+00:00,4f0c518545b0096c68326daf25bffc1e,Netherlands,Sweden,2026-06-20T17:00:00+00:00,1.65,3.95,5.3
2026-06-11T23:44:56.128524+00:00,f1ab0f69832972a329243522ceaa7804,Germany,Ivory Coast,2026-06-20T20:00:00+00:00,1.53,4.25,6.25
2026-06-11T23:44:56.128524+00:00,681895f294b670b4c7b14495dfb583bc,Ecuador,Curaçao,2026-06-21T00:00:00+00:00,1.15,6.5,10.0
2026-06-11T23:44:56.128524+00:00,dfc5202cf1b8ae002cf952cd04f235b9,Tunisia,Japan,2026-06-21T04:00:00+00:00,5.1,3.6,1.74
2026-06-11T23:44:56.128524+00:00,73529a242e319a86bf3d00ddb4accc37,Spain,Saudi Arabia,2026-06-21T16:00:00+00:00,1.09,12.2,34.0
2026-06-11T23:44:56.128524+00:00,5f92f257386ec5bf7c6e2498a21f3a61,Belgium,Iran,2026-06-21T19:00:00+00:00,1.37,4.62,7.75
2026-06-11T23:44:56.128524+00:00,852a3abe6d46820720febc0fedebff9a,Uruguay,Cape Verde,2026-06-21T22:00:00+00:00,1.45,4.35,7.5
2026-06-11T23:44:56.128524+00:00,c1ec9a65f4b4cf74477b368a7d6282de,New Zealand,Egypt,2026-06-22T01:00:00+00:00,5.2,3.6,1.72
2026-06-11T23:44:56.128524+00:00,be6c63f416c67bca1300a98f5b89c3af,Argentina,Austria,2026-06-22T17:00:00+00:00,1.67,3.8,5.2
2026-06-11T23:44:56.128524+00:00,7ad7a0ce2ef2618bb59b066da5642f70,France,Iraq,2026-06-22T21:00:00+00:00,1.12,9.0,23.0
2026-06-11T23:44:56.128524+00:00,3f48473742ca0fd2a85930554720c75e,Norway,Senegal,2026-06-23T00:00:00+00:00,2.19,3.55,3.46
2026-06-11T23:44:56.128524+00:00,fd8533b650e655030f6a7946f8795db2,Jordan,Algeria,2026-06-23T03:00:00+00:00,6.5,4.25,1.56
2026-06-11T23:44:56.128524+00:00,8ba93d190f1f934e33862a97a6353a6e,Portugal,Uzbekistan,2026-06-23T17:00:00+00:00,1.21,5.8,8.5
2026-06-11T23:44:56.128524+00:00,2f49dd8deae3079dc4eb2d634d18a99c,England,Ghana,2026-06-23T20:00:00+00:00,1.28,5.0,7.5
2026-06-11T23:44:56.128524+00:00,c1bc8c26480cd42b89a0de5329581314,Panama,Croatia,2026-06-23T23:00:00+00:00,5.5,3.85,1.49
2026-06-11T23:44:56.128524+00:00,68bfc965eb267508e04d8e8d75c1a0ae,Colombia,DR Congo,2026-06-24T02:00:00+00:00,1.53,4.2,7.5
2026-06-11T23:44:56.128524+00:00,512ac18beb5aa936a59f7ea3e497ada2,Bosnia & Herzegovina,Qatar,2026-06-24T19:00:00+00:00,1.57,3.9,5.9
2026-06-11T23:44:56.128524+00:00,c9ef5822ee64fd5275f7c73251bb56c7,Switzerland,Canada,2026-06-24T19:00:00+00:00,2.1,3.2,3.4
2026-06-11T23:44:56.128524+00:00,885ba95805db310a7bcc3fb1a7a6dd28,Scotland,Brazil,2026-06-24T22:00:00+00:00,7.5,4.35,1.45
2026-06-11T23:44:56.128524+00:00,d1279ce7f33136a33e99ad442fc855e8,Morocco,Haiti,2026-06-24T22:00:00+00:00,1.27,5.2,9.5
2026-06-11T23:44:56.128524+00:00,5993bd5196ca09f83990f0c3261e442e,Czech Republic,Mexico,2026-06-25T01:00:00+00:00,3.8,3.2,1.64
2026-06-11T23:44:56.128524+00:00,c0355dfc6e26ec327e379b6ef5824a5f,South Africa,South Korea,2026-06-25T01:00:00+00:00,4.0,3.25,1.58
2026-06-11T23:44:56.128524+00:00,a5a0b544a984ab16e564264f3e859b43,Curaçao,Ivory Coast,2026-06-25T20:00:00+00:00,8.5,5.0,1.15
2026-06-11T23:44:56.128524+00:00,0ec28b84ec399bd4dffbe8d1bc72b3c4,Ecuador,Germany,2026-06-25T20:00:00+00:00,4.0,3.35,1.56
2026-06-11T23:44:56.128524+00:00,0ed0233bddc4eafc8507f86a9c17b998,Japan,Sweden,2026-06-25T23:00:00+00:00,1.94,3.15,3.15
2026-06-11T23:44:56.128524+00:00,f3c4657daa143a0c5bd62cb370d01ce4,Tunisia,Netherlands,2026-06-25T23:00:00+00:00,5.0,3.7,1.39
2026-06-11T23:44:56.128524+00:00,22f6ac06dfcc88a847920f62633e6459,Paraguay,Australia,2026-06-26T02:00:00+00:00,2.0,3.05,3.1
2026-06-11T23:44:56.128524+00:00,f41aeac9a8343a84b4950f15ea25fba2,Turkey,USA,2026-06-26T02:00:00+00:00,2.35,3.15,2.25
2026-06-11T23:44:56.128524+00:00,b86b4d60f773e9e3c46c00e9a6496e79,Norway,France,2026-06-26T19:00:00+00:00,4.39,3.66,1.78
2026-06-11T23:44:56.128524+00:00,7e6aee294ea1a4792c59558791084528,Senegal,Iraq,2026-06-26T19:00:00+00:00,1.45,4.31,7.34
2026-06-11T23:44:56.128524+00:00,e07b1926be5a4d515c7eb108dbcee9c5,Cape Verde,Saudi Arabia,2026-06-27T00:00:00+00:00,2.5,3.2,2.7
2026-06-11T23:44:56.128524+00:00,dcff2e31c0bce001a4db5caaf4fa8822,Uruguay,Spain,2026-06-27T00:00:00+00:00,5.3,3.8,1.57
2026-06-11T23:44:56.128524+00:00,581691da05dcd75b5c6d3be91ee9d2ab,New Zealand,Belgium,2026-06-27T03:00:00+00:00,9.85,5.58,1.3
2026-06-11T23:44:56.128524+00:00,3e3b5fa2b3c963e74cf044c60db0b573,Egypt,Iran,2026-06-27T03:00:00+00:00,2.38,3.08,3.62
2026-06-11T23:44:56.128524+00:00,537c0997cd899394f47f16545b7068b2,Croatia,Ghana,2026-06-27T21:00:00+00:00,1.57,3.7,5.5
2026-06-11T23:44:56.128524+00:00,4be17c8e1ccfecb0f2a5ef79e045c415,Panama,England,2026-06-27T21:00:00+00:00,8.2,5.7,1.27
2026-06-11T23:44:56.128524+00:00,67ae5751c401a98409b8566ae4897069,Colombia,Portugal,2026-06-27T23:30:00+00:00,3.6,3.3,2.12
2026-06-11T23:44:56.128524+00:00,13eab94a136b9c264ba974cf437a5f71,DR Congo,Uzbekistan,2026-06-27T23:30:00+00:00,2.15,3.1,2.8
2026-06-11T23:44:56.128524+00:00,8756200e539155e571557c4f2e0d7f05,Algeria,Austria,2026-06-28T02:00:00+00:00,3.05,2.9,1.94
2026-06-11T23:44:56.128524+00:00,54697f453437ab26276d773be1d72e9b,Jordan,Argentina,2026-06-28T02:00:00+00:00,14.0,6.5,1.16
2026-06-12T03:28:44.599029+00:00,384cbb5d76b535896a24fe65f93cfac8,Corea del Sud,Cechia,2026-06-12T02:00:00+00:00,11.25,3.8,1.5
2026-06-12T03:28:44.599029+00:00,d1f4f946c70a0b4e81f5d43e9d32361c,Canada,Bosnia-Erzegovina,2026-06-12T19:00:00+00:00,1.94,3.4,4.5
2026-06-12T03:28:44.599029+00:00,c12986f447a515fbe641addd786dbb24,USA,Paraguay,2026-06-13T01:00:00+00:00,1.94,3.58,4.33
2026-06-12T03:28:44.599029+00:00,26634922d3f78c146440816023e40de8,Qatar,Svizzera,2026-06-13T19:00:00+00:00,16.0,7.0,1.23
2026-06-12T03:28:44.599029+00:00,f6c8748a16516e0998f95de14235432a,Brasile,Marocco,2026-06-13T22:00:00+00:00,1.65,3.82,5.75
2026-06-12T03:28:44.599029+00:00,5ae41a06735c926eeb7f74006933adce,Haiti,Scozia,2026-06-14T01:00:00+00:00,5.75,4.25,1.58
2026-06-12T03:28:44.599029+00:00,564084f52cc9f1abcc18187c168a7cdc,Australia,Turchia,2026-06-14T04:00:00+00:00,5.4,3.87,1.73
2026-06-12T03:28:44.599029+00:00,d79edbd6aaeb578d33e313446b18d333,Germania,Curaçao,2026-06-14T17:00:00+00:00,1.04,17.0,48.0
2026-06-12T03:28:44.599029+00:00,32ec06abda2398ac41501c86eb9aa376,Olanda,Giappone,2026-06-14T20:00:00+00:00,1.96,3.62,3.92
2026-06-12T03:28:44.599029+00:00,05752bb341e197001387b64f3a06b9b2,Costa d'Avorio,Ecuador,2026-06-14T23:00:00+00:00,3.69,2.82,2.45
2026-06-12T03:28:44.599029+00:00,b55f9569de3f4d731bc5537ff5ff43e4,Svezia,Tunisia,2026-06-15T02:00:00+00:00,1.9,3.5,4.35
2026-06-12T03:28:44.599029+00:00,c54f00b11925751d2b62988775c6c239,Spagna,Capo Verde,2026-06-15T16:00:00+00:00,1.1,10.75,25.0
2026-06-12T03:28:44.599029+00:00,fbfb95c62003fd6d828b309f96ee1f9b,Belgio,Egitto,2026-06-15T19:00:00+00:00,1.65,3.92,5.55
2026-06-12T03:28:44.599029+00:00,64b91c5f2db61c7358a4f05459e83c52,Arabia Saudita,Uruguay,2026-06-15T22:00:00+00:00,8.0,4.4,1.45
2026-06-12T03:28:44.599029+00:00,ec51b9c44ad5e34552f3ab53f7262813,Iran,Nuova Zelanda,2026-06-16T01:00:00+00:00,1.83,3.57,4.73
2026-06-12T03:28:44.599029+00:00,73a4fcd14cc9766b9b9bfd50b8ca153a,Francia,Senegal,2026-06-16T19:00:00+00:00,1.49,4.3,7.2
2026-06-12T03:28:44.599029+00:00,4d4f2b9b78182b557d4fbf8dcf4f4af2,Iraq,Norvegia,2026-06-16T22:00:00+00:00,16.0,6.75,1.22
2026-06-12T03:28:44.599029+00:00,f31b2ee9e1cc6f7e641467f8237eaa21,Argentina,Algeria,2026-06-17T01:00:00+00:00,1.41,4.5,9.0
2026-06-12T03:28:44.599029+00:00,25161cf6cf0cd9be17ae2e7e224a1f45,Austria,Giordania,2026-06-17T04:00:00+00:00,1.3,5.8,10.5
2026-06-12T03:28:44.599029+00:00,6cc871c121a1869b4612d3fb22fa9d55,Portogallo,Congo DR,2026-06-17T17:00:00+00:00,1.3,5.8,11.5
2026-06-12T03:28:44.599029+00:00,689096c8cd7e2753b9fec95321943c5d,Inghilterra,Croazia,2026-06-17T20:00:00+00:00,1.74,3.8,4.9
2026-06-12T03:28:44.599029+00:00,87afdb85c977b451e1c00f5e3e632601,Ghana,Panama,2026-06-17T23:00:00+00:00,2.12,3.5,3.52
2026-06-12T03:28:44.599029+00:00,22083e7a8e5362c711bc05c1e1319a1f,Uzbekistan,Colombia,2026-06-18T02:00:00+00:00,9.3,4.65,1.39
2026-06-12T03:28:44.599029+00:00,66ebb9e3f949caded535d97ce686ca09,Cechia,Sudafrica,2026-06-18T16:00:00+00:00,1.68,3.8,5.25
2026-06-12T03:28:44.599029+00:00,289bc2e9f5adad8ae4d9a75a7c5461ad,Svizzera,Bosnia-Erzegovina,2026-06-18T19:00:00+00:00,1.57,3.9,6.1
2026-06-12T03:28:44.599029+00:00,fa9502285b257b03e62968d50d9229fc,Canada,Qatar,2026-06-18T22:00:00+00:00,1.26,4.8,8.5
2026-06-12T03:28:44.599029+00:00,0f2aeae6ac8e77223848d23a4ca86b0d,Messico,Corea del Sud,2026-06-19T01:00:00+00:00,1.85,3.55,4.25
2026-06-12T03:28:44.599029+00:00,065b3573e875f8d23803357f73e5b99e,USA,Australia,2026-06-19T19:00:00+00:00,1.75,4.0,4.5
2026-06-12T03:28:44.599029+00:00,4cd769aa7bae0ad9762bd69b80ef2903,Scozia,Marocco,2026-06-19T22:00:00+00:00,3.65,3.15,1.9
2026-06-12T03:28:44.599029+00:00,ef0f74a991d3e35798ae5af77667bce1,Brasile,Haiti,2026-06-20T01:00:00+00:00,1.08,11.5,31.0
2026-06-12T03:28:44.599029+00:00,f955d4b3395ce6e3b5ac1031ca52ca4e,Turchia,Paraguay,2026-06-20T03:00:00+00:00,2.28,3.3,3.55
2026-06-12T03:28:44.599029+00:00,4f0c518545b0096c68326daf25bffc1e,Olanda,Svezia,2026-06-20T17:00:00+00:00,1.65,3.95,5.3
2026-06-12T03:28:44.599029+00:00,f1ab0f69832972a329243522ceaa7804,Germania,Costa d'Avorio,2026-06-20T20:00:00+00:00,1.53,4.25,6.25
2026-06-12T03:28:44.599029+00:00,681895f294b670b4c7b14495dfb583bc,Ecuador,Curaçao,2026-06-21T00:00:00+00:00,1.15,6.5,10.0
2026-06-12T03:28:44.599029+00:00,dfc5202cf1b8ae002cf952cd04f235b9,Tunisia,Giappone,2026-06-21T04:00:00+00:00,5.1,3.6,1.74
2026-06-12T03:28:44.599029+00:00,73529a242e319a86bf3d00ddb4accc37,Spagna,Arabia Saudita,2026-06-21T16:00:00+00:00,1.09,12.2,34.0
2026-06-12T03:28:44.599029+00:00,5f92f257386ec5bf7c6e2498a21f3a61,Belgio,Iran,2026-06-21T19:00:00+00:00,1.37,4.62,7.75
2026-06-12T03:28:44.599029+00:00,852a3abe6d46820720febc0fedebff9a,Uruguay,Capo Verde,2026-06-21T22:00:00+00:00,1.45,4.35,7.5
2026-06-12T03:28:44.599029+00:00,c1ec9a65f4b4cf74477b368a7d6282de,Nuova Zelanda,Egitto,2026-06-22T01:00:00+00:00,5.2,3.6,1.72
2026-06-12T03:28:44.599029+00:00,be6c63f416c67bca1300a98f5b89c3af,Argentina,Austria,2026-06-22T17:00:00+00:00,1.67,3.8,5.2
2026-06-12T03:28:44.599029+00:00,7ad7a0ce2ef2618bb59b066da5642f70,Francia,Iraq,2026-06-22T21:00:00+00:00,1.12,9.0,23.0
2026-06-12T03:28:44.599029+00:00,3f48473742ca0fd2a85930554720c75e,Norvegia,Senegal,2026-06-23T00:00:00+00:00,2.19,3.55,3.46
2026-06-12T03:28:44.599029+00:00,fd8533b650e655030f6a7946f8795db2,Giordania,Algeria,2026-06-23T03:00:00+00:00,6.79,4.23,1.56
2026-06-12T03:28:44.599029+00:00,8ba93d190f1f934e33862a97a6353a6e,Portogallo,Uzbekistan,2026-06-23T17:00:00+00:00,1.21,5.8,8.5
2026-06-12T03:28:44.599029+00:00,2f49dd8deae3079dc4eb2d634d18a99c,Inghilterra,Ghana,2026-06-23T20:00:00+00:00,1.28,5.0,7.5
2026-06-12T03:28:44.599029+00:00,c1bc8c26480cd42b89a0de5329581314,Panama,Croazia,2026-06-23T23:00:00+00:00,5.5,3.85,1.49
2026-06-12T03:28:44.599029+00:00,68bfc965eb267508e04d8e8d75c1a0ae,Colombia,Congo DR,2026-06-24T02:00:00+00:00,1.53,4.2,7.5
2026-06-12T03:28:44.599029+00:00,512ac18beb5aa936a59f7ea3e497ada2,Bosnia-Erzegovina,Qatar,2026-06-24T19:00:00+00:00,1.57,3.9,5.9
2026-06-12T03:28:44.599029+00:00,c9ef5822ee64fd5275f7c73251bb56c7,Svizzera,Canada,2026-06-24T19:00:00+00:00,2.1,3.2,3.4
2026-06-12T03:28:44.599029+00:00,885ba95805db310a7bcc3fb1a7a6dd28,Scozia,Brasile,2026-06-24T22:00:00+00:00,7.5,4.35,1.45
2026-06-12T03:28:44.599029+00:00,d1279ce7f33136a33e99ad442fc855e8,Marocco,Haiti,2026-06-24T22:00:00+00:00,1.27,5.2,9.5
2026-06-12T03:28:44.599029+00:00,5993bd5196ca09f83990f0c3261e442e,Cechia,Messico,2026-06-25T01:00:00+00:00,4.57,3.56,1.85
2026-06-12T03:28:44.599029+00:00,c0355dfc6e26ec327e379b6ef5824a5f,Sudafrica,Corea del Sud,2026-06-25T01:00:00+00:00,4.88,3.56,1.73
2026-06-12T03:28:44.599029+00:00,a5a0b544a984ab16e564264f3e859b43,Curaçao,Costa d'Avorio,2026-06-25T20:00:00+00:00,8.5,5.0,1.15
2026-06-12T03:28:44.599029+00:00,0ec28b84ec399bd4dffbe8d1bc72b3c4,Ecuador,Germania,2026-06-25T20:00:00+00:00,4.0,3.35,1.56
2026-06-12T03:28:44.599029+00:00,0ed0233bddc4eafc8507f86a9c17b998,Giappone,Svezia,2026-06-25T23:00:00+00:00,1.94,3.15,3.15
2026-06-12T03:28:44.599029+00:00,f3c4657daa143a0c5bd62cb370d01ce4,Tunisia,Olanda,2026-06-25T23:00:00+00:00,5.0,3.7,1.39
2026-06-12T03:28:44.599029+00:00,22f6ac06dfcc88a847920f62633e6459,Paraguay,Australia,2026-06-26T02:00:00+00:00,2.0,3.05,3.1
2026-06-12T03:28:44.599029+00:00,f41aeac9a8343a84b4950f15ea25fba2,Turchia,USA,2026-06-26T02:00:00+00:00,2.35,3.15,2.25
2026-06-12T03:28:44.599029+00:00,b86b4d60f773e9e3c46c00e9a6496e79,Norvegia,Francia,2026-06-26T19:00:00+00:00,4.39,3.66,1.78
2026-06-12T03:28:44.599029+00:00,7e6aee294ea1a4792c59558791084528,Senegal,Iraq,2026-06-26T19:00:00+00:00,1.45,4.31,7.34
2026-06-12T03:28:44.599029+00:00,e07b1926be5a4d515c7eb108dbcee9c5,Capo Verde,Arabia Saudita,2026-06-27T00:00:00+00:00,2.5,3.2,2.7
2026-06-12T03:28:44.599029+00:00,dcff2e31c0bce001a4db5caaf4fa8822,Uruguay,Spagna,2026-06-27T00:00:00+00:00,5.3,3.8,1.57
2026-06-12T03:28:44.599029+00:00,581691da05dcd75b5c6d3be91ee9d2ab,Nuova Zelanda,Belgio,2026-06-27T03:00:00+00:00,9.85,5.58,1.3
2026-06-12T03:28:44.599029+00:00,3e3b5fa2b3c963e74cf044c60db0b573,Egitto,Iran,2026-06-27T03:00:00+00:00,2.38,3.08,3.62
2026-06-12T03:28:44.599029+00:00,537c0997cd899394f47f16545b7068b2,Croazia,Ghana,2026-06-27T21:00:00+00:00,1.57,3.7,5.5
2026-06-12T03:28:44.599029+00:00,4be17c8e1ccfecb0f2a5ef79e045c415,Panama,Inghilterra,2026-06-27T21:00:00+00:00,8.2,5.7,1.27
2026-06-12T03:28:44.599029+00:00,67ae5751c401a98409b8566ae4897069,Colombia,Portogallo,2026-06-27T23:30:00+00:00,3.6,3.3,2.12
2026-06-12T03:28:44.599029+00:00,13eab94a136b9c264ba974cf437a5f71,Congo DR,Uzbekistan,2026-06-27T23:30:00+00:00,2.15,3.1,2.8
2026-06-12T03:28:44.599029+00:00,8756200e539155e571557c4f2e0d7f05,Algeria,Austria,2026-06-28T02:00:00+00:00,3.05,2.9,1.94
2026-06-12T03:28:44.599029+00:00,54697f453437ab26276d773be1d72e9b,Giordania,Argentina,2026-06-28T02:00:00+00:00,13.0,6.7,1.16
2026-06-12T11:41:01.529448+00:00,d1f4f946c70a0b4e81f5d43e9d32361c,Canada,Bosnia-Erzegovina,2026-06-12T19:00:00+00:00,1.85,3.55,4.9
2026-06-12T11:41:01.529448+00:00,c12986f447a515fbe641addd786dbb24,USA,Paraguay,2026-06-13T01:00:00+00:00,2.14,3.23,4.05
2026-06-12T11:41:01.529448+00:00,26634922d3f78c146440816023e40de8,Qatar,Svizzera,2026-06-13T19:00:00+00:00,17.0,7.0,1.22
2026-06-12T11:41:01.529448+00:00,f6c8748a16516e0998f95de14235432a,Brasile,Marocco,2026-06-13T22:00:00+00:00,1.65,3.87,5.79
2026-06-12T11:41:01.529448+00:00,5ae41a06735c926eeb7f74006933adce,Haiti,Scozia,2026-06-14T01:00:00+00:00,5.83,4.19,1.6
2026-06-12T11:41:01.529448+00:00,564084f52cc9f1abcc18187c168a7cdc,Australia,Turchia,2026-06-14T04:00:00+00:00,5.4,3.9,1.72
2026-06-12T11:41:01.529448+00:00,d79edbd6aaeb578d33e313446b18d333,Germania,Curaçao,2026-06-14T17:00:00+00:00,1.04,19.0,41.0
2026-06-12T11:41:01.529448+00:00,32ec06abda2398ac41501c86eb9aa376,Olanda,Giappone,2026-06-14T20:00:00+00:00,1.99,3.66,3.86
2026-06-12T11:41:01.529448+00:00,05752bb341e197001387b64f3a06b9b2,Costa d'Avorio,Ecuador,2026-06-14T23:00:00+00:00,3.69,2.82,2.45
2026-06-12T11:41:01.529448+00:00,b55f9569de3f4d731bc5537ff5ff43e4,Svezia,Tunisia,2026-06-15T02:00:00+00:00,1.89,3.5,4.6
2026-06-12T11:41:01.529448+00:00,c54f00b11925751d2b62988775c6c239,Spagna,Capo Verde,2026-06-15T16:00:00+00:00,1.08,11.65,28.37
2026-06-12T11:41:01.529448+00:00,fbfb95c62003fd6d828b309f96ee1f9b,Belgio,Egitto,2026-06-15T19:00:00+00:00,1.61,4.09,5.9
2026-06-12T11:41:01.529448+00:00,64b91c5f2db61c7358a4f05459e83c52,Arabia Saudita,Uruguay,2026-06-15T22:00:00+00:00,8.31,4.55,1.43
2026-06-12T11:41:01.529448+00:00,ec51b9c44ad5e34552f3ab53f7262813,Iran,Nuova Zelanda,2026-06-16T01:00:00+00:00,1.85,3.52,4.73
2026-06-12T11:41:01.529448+00:00,73a4fcd14cc9766b9b9bfd50b8ca153a,Francia,Senegal,2026-06-16T19:00:00+00:00,1.48,4.46,7.29
2026-06-12T11:41:01.529448+00:00,4d4f2b9b78182b557d4fbf8dcf4f4af2,Iraq,Norvegia,2026-06-16T22:00:00+00:00,16.0,6.75,1.22
2026-06-12T11:41:01.529448+00:00,f31b2ee9e1cc6f7e641467f8237eaa21,Argentina,Algeria,2026-06-17T01:00:00+00:00,1.41,4.55,9.05
2026-06-12T11:41:01.529448+00:00,25161cf6cf0cd9be17ae2e7e224a1f45,Austria,Giordania,2026-06-17T04:00:00+00:00,1.3,5.8,10.5
2026-06-12T11:41:01.529448+00:00,6cc871c121a1869b4612d3fb22fa9d55,Portogallo,Congo DR,2026-06-17T17:00:00+00:00,1.3,5.8,11.5
2026-06-12T11:41:01.529448+00:00,689096c8cd7e2753b9fec95321943c5d,Inghilterra,Croazia,2026-06-17T20:00:00+00:00,1.73,3.9,4.96
2026-06-12T11:41:01.529448+00:00,87afdb85c977b451e1c00f5e3e632601,Ghana,Panama,2026-06-17T23:00:00+00:00,2.18,3.51,3.45
2026-06-12T11:41:01.529448+00:00,22083e7a8e5362c711bc05c1e1319a1f,Uzbekistan,Colombia,2026-06-18T02:00:00+00:00,9.17,4.73,1.39
2026-06-12T11:41:01.529448+00:00,66ebb9e3f949caded535d97ce686ca09,Cechia,Sudafrica,2026-06-18T16:00:00+00:00,1.68,3.85,5.2
2026-06-12T11:41:01.529448+00:00,289bc2e9f5adad8ae4d9a75a7c5461ad,Svizzera,Bosnia-Erzegovina,2026-06-18T19:00:00+00:00,1.57,3.9,6.1
2026-06-12T11:41:01.529448+00:00,fa9502285b257b03e62968d50d9229fc,Canada,Qatar,2026-06-18T22:00:00+00:00,1.25,4.9,8.5
2026-06-12T11:41:01.529448+00:00,0f2aeae6ac8e77223848d23a4ca86b0d,Messico,Corea del Sud,2026-06-19T01:00:00+00:00,1.96,3.35,4.1
2026-06-12T11:41:01.529448+00:00,065b3573e875f8d23803357f73e5b99e,USA,Australia,2026-06-19T19:00:00+00:00,1.76,4.0,4.6
2026-06-12T11:41:01.529448+00:00,4cd769aa7bae0ad9762bd69b80ef2903,Scozia,Marocco,2026-06-19T22:00:00+00:00,3.65,3.15,1.9
2026-06-12T11:41:01.529448+00:00,ef0f74a991d3e35798ae5af77667bce1,Brasile,Haiti,2026-06-20T01:00:00+00:00,1.05,12.5,30.0
2026-06-12T11:41:01.529448+00:00,f955d4b3395ce6e3b5ac1031ca52ca4e,Turchia,Paraguay,2026-06-20T03:00:00+00:00,2.28,3.3,3.55
2026-06-12T11:41:01.529448+00:00,4f0c518545b0096c68326daf25bffc1e,Olanda,Svezia,2026-06-20T17:00:00+00:00,1.62,3.85,5.1
2026-06-12T11:41:01.529448+00:00,f1ab0f69832972a329243522ceaa7804,Germania,Costa d'Avorio,2026-06-20T20:00:00+00:00,1.5,4.1,6.0
2026-06-12T11:41:01.529448+00:00,681895f294b670b4c7b14495dfb583bc,Ecuador,Curaçao,2026-06-21T00:00:00+00:00,1.15,6.5,10.0
2026-06-12T11:41:01.529448+00:00,dfc5202cf1b8ae002cf952cd04f235b9,Tunisia,Giappone,2026-06-21T04:00:00+00:00,4.9,3.5,1.71
2026-06-12T11:41:01.529448+00:00,73529a242e319a86bf3d00ddb4accc37,Spagna,Arabia Saudita,2026-06-21T16:00:00+00:00,1.09,12.7,34.0
2026-06-12T11:41:01.529448+00:00,5f92f257386ec5bf7c6e2498a21f3a61,Belgio,Iran,2026-06-21T19:00:00+00:00,1.38,4.58,7.6
2026-06-12T11:41:01.529448+00:00,852a3abe6d46820720febc0fedebff9a,Uruguay,Capo Verde,2026-06-21T22:00:00+00:00,1.43,4.2,7.0
2026-06-12T11:41:01.529448+00:00,c1ec9a65f4b4cf74477b368a7d6282de,Nuova Zelanda,Egitto,2026-06-22T01:00:00+00:00,5.0,3.5,1.7
2026-06-12T11:41:01.529448+00:00,be6c63f416c67bca1300a98f5b89c3af,Argentina,Austria,2026-06-22T17:00:00+00:00,1.65,3.75,5.1
2026-06-12T11:41:01.529448+00:00,7ad7a0ce2ef2618bb59b066da5642f70,Francia,Iraq,2026-06-22T21:00:00+00:00,1.11,8.5,21.0
2026-06-12T11:41:01.529448+00:00,3f48473742ca0fd2a85930554720c75e,Norvegia,Senegal,2026-06-23T00:00:00+00:00,2.19,3.55,3.46
2026-06-12T11:41:01.529448+00:00,fd8533b650e655030f6a7946f8795db2,Giordania,Algeria,2026-06-23T03:00:00+00:00,6.79,4.23,1.56
2026-06-12T11:41:01.529448+00:00,8ba93d190f1f934e33862a97a6353a6e,Portogallo,Uzbekistan,2026-06-23T17:00:00+00:00,1.21,5.8,8.5
2026-06-12T11:41:01.529448+00:00,2f49dd8deae3079dc4eb2d634d18a99c,Inghilterra,Ghana,2026-06-23T20:00:00+00:00,1.28,5.0,7.5
2026-06-12T11:41:01.529448+00:00,c1bc8c26480cd42b89a0de5329581314,Panama,Croazia,2026-06-23T23:00:00+00:00,5.5,3.85,1.49
2026-06-12T11:41:01.529448+00:00,68bfc965eb267508e04d8e8d75c1a0ae,Colombia,Congo DR,2026-06-24T02:00:00+00:00,1.53,4.2,7.5
2026-06-12T11:41:01.529448+00:00,512ac18beb5aa936a59f7ea3e497ada2,Bosnia-Erzegovina,Qatar,2026-06-24T19:00:00+00:00,1.6,3.85,5.7
2026-06-12T11:41:01.529448+00:00,c9ef5822ee64fd5275f7c73251bb56c7,Svizzera,Canada,2026-06-24T19:00:00+00:00,2.1,3.2,3.4
2026-06-12T11:41:01.529448+00:00,885ba95805db310a7bcc3fb1a7a6dd28,Scozia,Brasile,2026-06-24T22:00:00+00:00,7.0,4.2,1.44
2026-06-12T11:41:01.529448+00:00,d1279ce7f33136a33e99ad442fc855e8,Marocco,Haiti,2026-06-24T22:00:00+00:00,1.27,5.2,9.5
2026-06-12T11:41:01.529448+00:00,5993bd5196ca09f83990f0c3261e442e,Cechia,Messico,2026-06-25T01:00:00+00:00,3.65,3.15,1.68
2026-06-12T11:41:01.529448+00:00,c0355dfc6e26ec327e379b6ef5824a5f,Sudafrica,Corea del Sud,2026-06-25T01:00:00+00:00,4.5,3.45,1.48
2026-06-12T11:41:01.529448+00:00,a5a0b544a984ab16e564264f3e859b43,Curaçao,Costa d'Avorio,2026-06-25T20:00:00+00:00,8.5,5.0,1.15
2026-06-12T11:41:01.529448+00:00,0ec28b84ec399bd4dffbe8d1bc72b3c4,Ecuador,Germania,2026-06-25T20:00:00+00:00,4.0,3.35,1.56
2026-06-12T11:41:01.529448+00:00,0ed0233bddc4eafc8507f86a9c17b998,Giappone,Svezia,2026-06-25T23:00:00+00:00,1.94,3.15,3.15
2026-06-12T11:41:01.529448+00:00,f3c4657daa143a0c5bd62cb370d01ce4,Tunisia,Olanda,2026-06-25T23:00:00+00:00,5.0,3.7,1.39
2026-06-12T11:41:01.529448+00:00,22f6ac06dfcc88a847920f62633e6459,Paraguay,Australia,2026-06-26T02:00:00+00:00,2.0,3.05,3.1
2026-06-12T11:41:01.529448+00:00,f41aeac9a8343a84b4950f15ea25fba2,Turchia,USA,2026-06-26T02:00:00+00:00,2.35,3.15,2.25
2026-06-12T11:41:01.529448+00:00,b86b4d60f773e9e3c46c00e9a6496e79,Norvegia,Francia,2026-06-26T19:00:00+00:00,4.39,3.66,1.78
2026-06-12T11:41:01.529448+00:00,7e6aee294ea1a4792c59558791084528,Senegal,Iraq,2026-06-26T19:00:00+00:00,1.45,4.31,7.34
2026-06-12T11:41:01.529448+00:00,e07b1926be5a4d515c7eb108dbcee9c5,Capo Verde,Arabia Saudita,2026-06-27T00:00:00+00:00,2.35,3.2,2.85
2026-06-12T11:41:01.529448+00:00,dcff2e31c0bce001a4db5caaf4fa8822,Uruguay,Spagna,2026-06-27T00:00:00+00:00,5.3,3.8,1.57
2026-06-12T11:41:01.529448+00:00,581691da05dcd75b5c6d3be91ee9d2ab,Nuova Zelanda,Belgio,2026-06-27T03:00:00+00:00,9.85,5.58,1.3
2026-06-12T11:41:01.529448+00:00,3e3b5fa2b3c963e74cf044c60db0b573,Egitto,Iran,2026-06-27T03:00:00+00:00,2.38,3.08,3.62
2026-06-12T11:41:01.529448+00:00,537c0997cd899394f47f16545b7068b2,Croazia,Ghana,2026-06-27T21:00:00+00:00,1.57,3.7,5.5
2026-06-12T11:41:01.529448+00:00,4be17c8e1ccfecb0f2a5ef79e045c415,Panama,Inghilterra,2026-06-27T21:00:00+00:00,8.2,5.7,1.27
2026-06-12T11:41:01.529448+00:00,67ae5751c401a98409b8566ae4897069,Colombia,Portogallo,2026-06-27T23:30:00+00:00,3.6,3.3,2.12
2026-06-12T11:41:01.529448+00:00,13eab94a136b9c264ba974cf437a5f71,Congo DR,Uzbekistan,2026-06-27T23:30:00+00:00,2.15,3.1,2.8
2026-06-12T11:41:01.529448+00:00,8756200e539155e571557c4f2e0d7f05,Algeria,Austria,2026-06-28T02:00:00+00:00,3.05,2.9,1.94
2026-06-12T11:41:01.529448+00:00,54697f453437ab26276d773be1d72e9b,Giordania,Argentina,2026-06-28T02:00:00+00:00,13.0,6.7,1.16
2026-06-12T18:02:50.091467+00:00,d1f4f946c70a0b4e81f5d43e9d32361c,Canada,Bosnia-Erzegovina,2026-06-12T19:00:00+00:00,1.85,3.55,4.8
2026-06-12T18:02:50.091467+00:00,c12986f447a515fbe641addd786dbb24,USA,Paraguay,2026-06-13T01:00:00+00:00,2.15,3.27,3.98
2026-06-12T18:02:50.091467+00:00,26634922d3f78c146440816023e40de8,Qatar,Svizzera,2026-06-13T19:00:00+00:00,17.0,7.0,1.22
2026-06-12T18:02:50.091467+00:00,f6c8748a16516e0998f95de14235432a,Brasile,Marocco,2026-06-13T22:00:00+00:00,1.63,3.91,5.95
2026-06-12T18:02:50.091467+00:00,5ae41a06735c926eeb7f74006933adce,Haiti,Scozia,2026-06-14T01:00:00+00:00,5.86,4.16,1.6
2026-06-12T18:02:50.091467+00:00,564084f52cc9f1abcc18187c168a7cdc,Australia,Turchia,2026-06-14T04:00:00+00:00,5.3,3.8,1.75
2026-06-12T18:02:50.091467+00:00,d79edbd6aaeb578d33e313446b18d333,Germania,Curaçao,2026-06-14T17:00:00+00:00,1.04,19.0,41.0
2026-06-12T18:02:50.091467+00:00,32ec06abda2398ac41501c86eb9aa376,Olanda,Giappone,2026-06-14T20:00:00+00:00,2.0,3.66,3.84
2026-06-12T18:02:50.091467+00:00,05752bb341e197001387b64f3a06b9b2,Costa d'Avorio,Ecuador,2026-06-14T23:00:00+00:00,3.71,2.83,2.44
2026-06-12T18:02:50.091467+00:00,b55f9569de3f4d731bc5537ff5ff43e4,Svezia,Tunisia,2026-06-15T02:00:00+00:00,1.85,3.55,4.8
2026-06-12T18:02:50.091467+00:00,c54f00b11925751d2b62988775c6c239,Spagna,Capo Verde,2026-06-15T16:00:00+00:00,1.08,11.67,28.42
2026-06-12T18:02:50.091467+00:00,fbfb95c62003fd6d828b309f96ee1f9b,Belgio,Egitto,2026-06-15T19:00:00+00:00,1.61,4.09,5.9
2026-06-12T18:02:50.091467+00:00,64b91c5f2db61c7358a4f05459e83c52,Arabia Saudita,Uruguay,2026-06-15T22:00:00+00:00,8.19,4.51,1.44
2026-06-12T18:02:50.091467+00:00,ec51b9c44ad5e34552f3ab53f7262813,Iran,Nuova Zelanda,2026-06-16T01:00:00+00:00,1.85,3.52,4.73
2026-06-12T18:02:50.091467+00:00,73a4fcd14cc9766b9b9bfd50b8ca153a,Francia,Senegal,2026-06-16T19:00:00+00:00,1.48,4.44,7.29
2026-06-12T18:02:50.091467+00:00,4d4f2b9b78182b557d4fbf8dcf4f4af2,Iraq,Norvegia,2026-06-16T22:00:00+00:00,16.0,6.75,1.22
2026-06-12T18:02:50.091467+00:00,f31b2ee9e1cc6f7e641467f8237eaa21,Argentina,Algeria,2026-06-17T01:00:00+00:00,1.41,4.55,9.05
2026-06-12T18:02:50.091467+00:00,25161cf6cf0cd9be17ae2e7e224a1f45,Austria,Giordania,2026-06-17T04:00:00+00:00,1.3,5.8,10.5
2026-06-12T18:02:50.091467+00:00,6cc871c121a1869b4612d3fb22fa9d55,Portogallo,Congo DR,2026-06-17T17:00:00+00:00,1.3,5.8,11.5
2026-06-12T18:02:50.091467+00:00,689096c8cd7e2753b9fec95321943c5d,Inghilterra,Croazia,2026-06-17T20:00:00+00:00,1.73,3.9,4.96
2026-06-12T18:02:50.091467+00:00,87afdb85c977b451e1c00f5e3e632601,Ghana,Panama,2026-06-17T23:00:00+00:00,2.18,3.51,3.45
2026-06-12T18:02:50.091467+00:00,22083e7a8e5362c711bc05c1e1319a1f,Uzbekistan,Colombia,2026-06-18T02:00:00+00:00,9.18,4.74,1.39
2026-06-12T18:02:50.091467+00:00,66ebb9e3f949caded535d97ce686ca09,Cechia,Sudafrica,2026-06-18T16:00:00+00:00,1.72,3.85,4.8
2026-06-12T18:02:50.091467+00:00,289bc2e9f5adad8ae4d9a75a7c5461ad,Svizzera,Bosnia-Erzegovina,2026-06-18T19:00:00+00:00,1.57,3.9,6.1
2026-06-12T18:02:50.091467+00:00,fa9502285b257b03e62968d50d9229fc,Canada,Qatar,2026-06-18T22:00:00+00:00,1.25,4.9,8.5
2026-06-12T18:02:50.091467+00:00,0f2aeae6ac8e77223848d23a4ca86b0d,Messico,Corea del Sud,2026-06-19T01:00:00+00:00,1.96,3.4,4.0
2026-06-12T18:02:50.091467+00:00,065b3573e875f8d23803357f73e5b99e,USA,Australia,2026-06-19T19:00:00+00:00,1.77,4.0,4.8
2026-06-12T18:02:50.091467+00:00,4cd769aa7bae0ad9762bd69b80ef2903,Scozia,Marocco,2026-06-19T22:00:00+00:00,3.65,3.15,1.9
2026-06-12T18:02:50.091467+00:00,ef0f74a991d3e35798ae5af77667bce1,Brasile,Haiti,2026-06-20T01:00:00+00:00,1.05,12.5,30.0
2026-06-12T18:02:50.091467+00:00,f955d4b3395ce6e3b5ac1031ca52ca4e,Turchia,Paraguay,2026-06-20T03:00:00+00:00,2.28,3.3,3.55
2026-06-12T18:02:50.091467+00:00,4f0c518545b0096c68326daf25bffc1e,Olanda,Svezia,2026-06-20T17:00:00+00:00,1.62,3.85,5.1
2026-06-12T18:02:50.091467+00:00,f1ab0f69832972a329243522ceaa7804,Germania,Costa d'Avorio,2026-06-20T20:00:00+00:00,1.5,4.1,6.0
2026-06-12T18:02:50.091467+00:00,681895f294b670b4c7b14495dfb583bc,Ecuador,Curaçao,2026-06-21T00:00:00+00:00,1.15,6.5,10.0
2026-06-12T18:02:50.091467+00:00,dfc5202cf1b8ae002cf952cd04f235b9,Tunisia,Giappone,2026-06-21T04:00:00+00:00,5.2,3.55,1.67
2026-06-12T18:02:50.091467+00:00,73529a242e319a86bf3d00ddb4accc37,Spagna,Arabia Saudita,2026-06-21T16:00:00+00:00,1.09,12.7,34.0
2026-06-12T18:02:50.091467+00:00,5f92f257386ec5bf7c6e2498a21f3a61,Belgio,Iran,2026-06-21T19:00:00+00:00,1.38,4.58,7.6
2026-06-12T18:02:50.091467+00:00,852a3abe6d46820720febc0fedebff9a,Uruguay,Capo Verde,2026-06-21T22:00:00+00:00,1.43,4.2,7.0
2026-06-12T18:02:50.091467+00:00,c1ec9a65f4b4cf74477b368a7d6282de,Nuova Zelanda,Egitto,2026-06-22T01:00:00+00:00,5.0,3.5,1.7
2026-06-12T18:02:50.091467+00:00,be6c63f416c67bca1300a98f5b89c3af,Argentina,Austria,2026-06-22T17:00:00+00:00,1.6,3.85,5.4
2026-06-12T18:02:50.091467+00:00,7ad7a0ce2ef2618bb59b066da5642f70,Francia,Iraq,2026-06-22T21:00:00+00:00,1.11,8.5,21.0
2026-06-12T18:02:50.091467+00:00,3f48473742ca0fd2a85930554720c75e,Norvegia,Senegal,2026-06-23T00:00:00+00:00,2.19,3.55,3.46
2026-06-12T18:02:50.091467+00:00,fd8533b650e655030f6a7946f8795db2,Giordania,Algeria,2026-06-23T03:00:00+00:00,6.79,4.23,1.56
2026-06-12T18:02:50.091467+00:00,8ba93d190f1f934e33862a97a6353a6e,Portogallo,Uzbekistan,2026-06-23T17:00:00+00:00,1.21,5.8,8.5
2026-06-12T18:02:50.091467+00:00,2f49dd8deae3079dc4eb2d634d18a99c,Inghilterra,Ghana,2026-06-23T20:00:00+00:00,1.28,5.0,7.5
2026-06-12T18:02:50.091467+00:00,c1bc8c26480cd42b89a0de5329581314,Panama,Croazia,2026-06-23T23:00:00+00:00,5.5,3.85,1.49
2026-06-12T18:02:50.091467+00:00,68bfc965eb267508e04d8e8d75c1a0ae,Colombia,Congo DR,2026-06-24T02:00:00+00:00,1.53,4.2,7.5
2026-06-12T18:02:50.091467+00:00,512ac18beb5aa936a59f7ea3e497ada2,Bosnia-Erzegovina,Qatar,2026-06-24T19:00:00+00:00,1.6,3.85,5.7
2026-06-12T18:02:50.091467+00:00,c9ef5822ee64fd5275f7c73251bb56c7,Svizzera,Canada,2026-06-24T19:00:00+00:00,2.1,3.2,3.4
2026-06-12T18:02:50.091467+00:00,885ba95805db310a7bcc3fb1a7a6dd28,Scozia,Brasile,2026-06-24T22:00:00+00:00,7.0,4.2,1.44
2026-06-12T18:02:50.091467+00:00,d1279ce7f33136a33e99ad442fc855e8,Marocco,Haiti,2026-06-24T22:00:00+00:00,1.32,4.9,7.8
2026-06-12T18:02:50.091467+00:00,5993bd5196ca09f83990f0c3261e442e,Cechia,Messico,2026-06-25T01:00:00+00:00,3.65,3.15,1.68
2026-06-12T18:02:50.091467+00:00,c0355dfc6e26ec327e379b6ef5824a5f,Sudafrica,Corea del Sud,2026-06-25T01:00:00+00:00,4.5,3.45,1.48
2026-06-12T18:02:50.091467+00:00,a5a0b544a984ab16e564264f3e859b43,Curaçao,Costa d'Avorio,2026-06-25T20:00:00+00:00,8.5,5.0,1.15
2026-06-12T18:02:50.091467+00:00,0ec28b84ec399bd4dffbe8d1bc72b3c4,Ecuador,Germania,2026-06-25T20:00:00+00:00,4.0,3.35,1.56
2026-06-12T18:02:50.091467+00:00,0ed0233bddc4eafc8507f86a9c17b998,Giappone,Svezia,2026-06-25T23:00:00+00:00,1.94,3.15,3.15
2026-06-12T18:02:50.091467+00:00,f3c4657daa143a0c5bd62cb370d01ce4,Tunisia,Olanda,2026-06-25T23:00:00+00:00,5.0,3.7,1.39
2026-06-12T18:02:50.091467+00:00,22f6ac06dfcc88a847920f62633e6459,Paraguay,Australia,2026-06-26T02:00:00+00:00,2.0,3.05,3.1
2026-06-12T18:02:50.091467+00:00,f41aeac9a8343a84b4950f15ea25fba2,Turchia,USA,2026-06-26T02:00:00+00:00,2.35,3.15,2.25
2026-06-12T18:02:50.091467+00:00,b86b4d60f773e9e3c46c00e9a6496e79,Norvegia,Francia,2026-06-26T19:00:00+00:00,4.39,3.66,1.78
2026-06-12T18:02:50.091467+00:00,7e6aee294ea1a4792c59558791084528,Senegal,Iraq,2026-06-26T19:00:00+00:00,1.45,4.31,7.34
2026-06-12T18:02:50.091467+00:00,e07b1926be5a4d515c7eb108dbcee9c5,Capo Verde,Arabia Saudita,2026-06-27T00:00:00+00:00,2.25,3.4,2.85
2026-06-12T18:02:50.091467+00:00,dcff2e31c0bce001a4db5caaf4fa8822,Uruguay,Spagna,2026-06-27T00:00:00+00:00,5.3,3.8,1.57
2026-06-12T18:02:50.091467+00:00,581691da05dcd75b5c6d3be91ee9d2ab,Nuova Zelanda,Belgio,2026-06-27T03:00:00+00:00,9.85,5.58,1.3
2026-06-12T18:02:50.091467+00:00,3e3b5fa2b3c963e74cf044c60db0b573,Egitto,Iran,2026-06-27T03:00:00+00:00,2.38,3.08,3.62
2026-06-12T18:02:50.091467+00:00,537c0997cd899394f47f16545b7068b2,Croazia,Ghana,2026-06-27T21:00:00+00:00,1.57,3.7,5.5
2026-06-12T18:02:50.091467+00:00,4be17c8e1ccfecb0f2a5ef79e045c415,Panama,Inghilterra,2026-06-27T21:00:00+00:00,8.0,5.7,1.27
2026-06-12T18:02:50.091467+00:00,67ae5751c401a98409b8566ae4897069,Colombia,Portogallo,2026-06-27T23:30:00+00:00,3.6,3.3,2.12
2026-06-12T18:02:50.091467+00:00,13eab94a136b9c264ba974cf437a5f71,Congo DR,Uzbekistan,2026-06-27T23:30:00+00:00,2.15,3.1,2.8
2026-06-12T18:02:50.091467+00:00,8756200e539155e571557c4f2e0d7f05,Algeria,Austria,2026-06-28T02:00:00+00:00,3.05,2.9,1.94
2026-06-12T18:02:50.091467+00:00,54697f453437ab26276d773be1d72e9b,Giordania,Argentina,2026-06-28T02:00:00+00:00,13.0,6.7,1.16
2026-06-13T02:54:27.347181+00:00,c12986f447a515fbe641addd786dbb24,USA,Paraguay,2026-06-13T01:02:00+00:00,1.01,90.0,590.0
2026-06-13T02:54:27.347181+00:00,26634922d3f78c146440816023e40de8,Qatar,Svizzera,2026-06-13T19:00:00+00:00,17.0,7.0,1.22
2026-06-13T02:54:27.347181+00:00,f6c8748a16516e0998f95de14235432a,Brasile,Marocco,2026-06-13T22:00:00+00:00,1.7,3.82,5.7
2026-06-13T02:54:27.347181+00:00,5ae41a06735c926eeb7f74006933adce,Haiti,Scozia,2026-06-14T01:00:00+00:00,6.0,4.33,1.59
2026-06-13T02:54:27.347181+00:00,564084f52cc9f1abcc18187c168a7cdc,Australia,Turchia,2026-06-14T04:00:00+00:00,5.3,3.8,1.75
2026-06-13T02:54:27.347181+00:00,d79edbd6aaeb578d33e313446b18d333,Germania,Curaçao,2026-06-14T17:00:00+00:00,1.04,16.75,48.0
2026-06-13T02:54:27.347181+00:00,32ec06abda2398ac41501c86eb9aa376,Olanda,Giappone,2026-06-14T20:00:00+00:00,1.94,3.64,3.96
2026-06-13T02:54:27.347181+00:00,05752bb341e197001387b64f3a06b9b2,Costa d'Avorio,Ecuador,2026-06-14T23:00:00+00:00,3.73,2.83,2.43
2026-06-13T02:54:27.347181+00:00,b55f9569de3f4d731bc5537ff5ff43e4,Svezia,Tunisia,2026-06-15T02:00:00+00:00,1.88,3.54,4.4
2026-06-13T02:54:27.347181+00:00,c54f00b11925751d2b62988775c6c239,Spagna,Capo Verde,2026-06-15T16:00:00+00:00,1.1,10.75,25.0
2026-06-13T02:54:27.347181+00:00,fbfb95c62003fd6d828b309f96ee1f9b,Belgio,Egitto,2026-06-15T19:00:00+00:00,1.61,3.98,5.85
2026-06-13T02:54:27.347181+00:00,64b91c5f2db61c7358a4f05459e83c52,Arabia Saudita,Uruguay,2026-06-15T22:00:00+00:00,8.5,4.45,1.43
2026-06-13T02:54:27.347181+00:00,ec51b9c44ad5e34552f3ab53f7262813,Iran,Nuova Zelanda,2026-06-16T01:00:00+00:00,1.84,3.53,4.78
2026-06-13T02:54:27.347181+00:00,73a4fcd14cc9766b9b9bfd50b8ca153a,Francia,Senegal,2026-06-16T19:00:00+00:00,1.47,4.4,7.4
2026-06-13T02:54:27.347181+00:00,4d4f2b9b78182b557d4fbf8dcf4f4af2,Iraq,Norvegia,2026-06-16T22:00:00+00:00,16.0,6.75,1.22
2026-06-13T02:54:27.347181+00:00,f31b2ee9e1cc6f7e641467f8237eaa21,Argentina,Algeria,2026-06-17T01:00:00+00:00,1.4,4.55,9.3
2026-06-13T02:54:27.347181+00:00,25161cf6cf0cd9be17ae2e7e224a1f45,Austria,Giordania,2026-06-17T04:00:00+00:00,1.3,5.8,10.5
2026-06-13T02:54:27.347181+00:00,6cc871c121a1869b4612d3fb22fa9d55,Portogallo,Congo DR,2026-06-17T17:00:00+00:00,1.29,5.8,12.0
2026-06-13T02:54:27.347181+00:00,689096c8cd7e2753b9fec95321943c5d,Inghilterra,Croazia,2026-06-17T20:00:00+00:00,1.74,3.8,4.9
2026-06-13T02:54:27.347181+00:00,87afdb85c977b451e1c00f5e3e632601,Ghana,Panama,2026-06-17T23:00:00+00:00,2.12,3.5,3.52
2026-06-13T02:54:27.347181+00:00,22083e7a8e5362c711bc05c1e1319a1f,Uzbekistan,Colombia,2026-06-18T02:00:00+00:00,9.3,4.65,1.39
2026-06-13T02:54:27.347181+00:00,66ebb9e3f949caded535d97ce686ca09,Cechia,Sudafrica,2026-06-18T16:00:00+00:00,1.72,3.85,4.8
2026-06-13T02:54:27.347181+00:00,289bc2e9f5adad8ae4d9a75a7c5461ad,Svizzera,Bosnia-Erzegovina,2026-06-18T19:00:00+00:00,1.57,3.9,6.1
2026-06-13T02:54:27.347181+00:00,fa9502285b257b03e62968d50d9229fc,Canada,Qatar,2026-06-18T22:00:00+00:00,1.25,5.0,8.5
2026-06-13T02:54:27.347181+00:00,0f2aeae6ac8e77223848d23a4ca86b0d,Messico,Corea del Sud,2026-06-19T01:00:00+00:00,1.95,3.45,4.0
2026-06-13T02:54:27.347181+00:00,065b3573e875f8d23803357f73e5b99e,USA,Australia,2026-06-19T19:00:00+00:00,1.6,4.5,6.2
2026-06-13T02:54:27.347181+00:00,4cd769aa7bae0ad9762bd69b80ef2903,Scozia,Marocco,2026-06-19T22:00:00+00:00,3.65,3.15,1.9
2026-06-13T02:54:27.347181+00:00,ef0f74a991d3e35798ae5af77667bce1,Brasile,Haiti,2026-06-20T01:00:00+00:00,1.05,12.5,30.0
2026-06-13T02:54:27.347181+00:00,f955d4b3395ce6e3b5ac1031ca52ca4e,Turchia,Paraguay,2026-06-20T03:00:00+00:00,2.07,3.35,4.0
2026-06-13T02:54:27.347181+00:00,4f0c518545b0096c68326daf25bffc1e,Olanda,Svezia,2026-06-20T17:00:00+00:00,1.62,3.85,5.1
2026-06-13T02:54:27.347181+00:00,f1ab0f69832972a329243522ceaa7804,Germania,Costa d'Avorio,2026-06-20T20:00:00+00:00,1.5,4.1,6.0
2026-06-13T02:54:27.347181+00:00,681895f294b670b4c7b14495dfb583bc,Ecuador,Curaçao,2026-06-21T00:00:00+00:00,1.15,6.5,10.0
2026-06-13T02:54:27.347181+00:00,dfc5202cf1b8ae002cf952cd04f235b9,Tunisia,Giappone,2026-06-21T04:00:00+00:00,5.2,3.55,1.67
2026-06-13T02:54:27.347181+00:00,73529a242e319a86bf3d00ddb4accc37,Spagna,Arabia Saudita,2026-06-21T16:00:00+00:00,1.09,12.7,34.0
2026-06-13T02:54:27.347181+00:00,5f92f257386ec5bf7c6e2498a21f3a61,Belgio,Iran,2026-06-21T19:00:00+00:00,1.38,4.58,7.6
2026-06-13T02:54:27.347181+00:00,852a3abe6d46820720febc0fedebff9a,Uruguay,Capo Verde,2026-06-21T22:00:00+00:00,1.43,4.2,7.0
2026-06-13T02:54:27.347181+00:00,c1ec9a65f4b4cf74477b368a7d6282de,Nuova Zelanda,Egitto,2026-06-22T01:00:00+00:00,5.0,3.5,1.7
2026-06-13T02:54:27.347181+00:00,be6c63f416c67bca1300a98f5b89c3af,Argentina,Austria,2026-06-22T17:00:00+00:00,1.6,3.85,5.4
2026-06-13T02:54:27.347181+00:00,7ad7a0ce2ef2618bb59b066da5642f70,Francia,Iraq,2026-06-22T21:00:00+00:00,1.11,8.5,21.0
2026-06-13T02:54:27.347181+00:00,3f48473742ca0fd2a85930554720c75e,Norvegia,Senegal,2026-06-23T00:00:00+00:00,2.19,3.55,3.46
2026-06-13T02:54:27.347181+00:00,fd8533b650e655030f6a7946f8795db2,Giordania,Algeria,2026-06-23T03:00:00+00:00,6.79,4.23,1.56
2026-06-13T02:54:27.347181+00:00,8ba93d190f1f934e33862a97a6353a6e,Portogallo,Uzbekistan,2026-06-23T17:00:00+00:00,1.21,5.8,8.5
2026-06-13T02:54:27.347181+00:00,2f49dd8deae3079dc4eb2d634d18a99c,Inghilterra,Ghana,2026-06-23T20:00:00+00:00,1.28,5.0,7.5
2026-06-13T02:54:27.347181+00:00,c1bc8c26480cd42b89a0de5329581314,Panama,Croazia,2026-06-23T23:00:00+00:00,5.5,3.85,1.49
2026-06-13T02:54:27.347181+00:00,68bfc965eb267508e04d8e8d75c1a0ae,Colombia,Congo DR,2026-06-24T02:00:00+00:00,1.53,4.2,7.5
2026-06-13T02:54:27.347181+00:00,512ac18beb5aa936a59f7ea3e497ada2,Bosnia-Erzegovina,Qatar,2026-06-24T19:00:00+00:00,1.6,3.85,5.7
2026-06-13T02:54:27.347181+00:00,c9ef5822ee64fd5275f7c73251bb56c7,Svizzera,Canada,2026-06-24T19:00:00+00:00,1.97,3.3,3.6
2026-06-13T02:54:27.347181+00:00,885ba95805db310a7bcc3fb1a7a6dd28,Scozia,Brasile,2026-06-24T22:00:00+00:00,7.0,4.2,1.44
2026-06-13T02:54:27.347181+00:00,d1279ce7f33136a33e99ad442fc855e8,Marocco,Haiti,2026-06-24T22:00:00+00:00,1.32,4.9,7.8
2026-06-13T02:54:27.347181+00:00,5993bd5196ca09f83990f0c3261e442e,Cechia,Messico,2026-06-25T01:00:00+00:00,3.65,3.15,1.68
2026-06-13T02:54:27.347181+00:00,c0355dfc6e26ec327e379b6ef5824a5f,Sudafrica,Corea del Sud,2026-06-25T01:00:00+00:00,4.5,3.45,1.48
2026-06-13T02:54:27.347181+00:00,a5a0b544a984ab16e564264f3e859b43,Curaçao,Costa d'Avorio,2026-06-25T20:00:00+00:00,8.5,5.0,1.15
2026-06-13T02:54:27.347181+00:00,0ec28b84ec399bd4dffbe8d1bc72b3c4,Ecuador,Germania,2026-06-25T20:00:00+00:00,4.0,3.35,1.56
2026-06-13T02:54:27.347181+00:00,0ed0233bddc4eafc8507f86a9c17b998,Giappone,Svezia,2026-06-25T23:00:00+00:00,1.94,3.15,3.15
2026-06-13T02:54:27.347181+00:00,f3c4657daa143a0c5bd62cb370d01ce4,Tunisia,Olanda,2026-06-25T23:00:00+00:00,5.0,3.7,1.39
2026-06-13T02:54:27.347181+00:00,22f6ac06dfcc88a847920f62633e6459,Paraguay,Australia,2026-06-26T02:00:00+00:00,2.0,3.2,3.7
2026-06-13T02:54:27.347181+00:00,f41aeac9a8343a84b4950f15ea25fba2,Turchia,USA,2026-06-26T02:00:00+00:00,2.71,3.41,2.59
2026-06-13T02:54:27.347181+00:00,b86b4d60f773e9e3c46c00e9a6496e79,Norvegia,Francia,2026-06-26T19:00:00+00:00,4.39,3.66,1.78
2026-06-13T02:54:27.347181+00:00,7e6aee294ea1a4792c59558791084528,Senegal,Iraq,2026-06-26T19:00:00+00:00,1.45,4.31,7.34
2026-06-13T02:54:27.347181+00:00,e07b1926be5a4d515c7eb108dbcee9c5,Capo Verde,Arabia Saudita,2026-06-27T00:00:00+00:00,2.2,3.5,2.9
2026-06-13T02:54:27.347181+00:00,dcff2e31c0bce001a4db5caaf4fa8822,Uruguay,Spagna,2026-06-27T00:00:00+00:00,5.3,3.8,1.57
2026-06-13T02:54:27.347181+00:00,581691da05dcd75b5c6d3be91ee9d2ab,Nuova Zelanda,Belgio,2026-06-27T03:00:00+00:00,9.85,5.58,1.3
2026-06-13T02:54:27.347181+00:00,3e3b5fa2b3c963e74cf044c60db0b573,Egitto,Iran,2026-06-27T03:00:00+00:00,2.38,3.08,3.62
2026-06-13T02:54:27.347181+00:00,537c0997cd899394f47f16545b7068b2,Croazia,Ghana,2026-06-27T21:00:00+00:00,1.57,3.7,5.5
2026-06-13T02:54:27.347181+00:00,4be17c8e1ccfecb0f2a5ef79e045c415,Panama,Inghilterra,2026-06-27T21:00:00+00:00,8.0,5.7,1.27
2026-06-13T02:54:27.347181+00:00,67ae5751c401a98409b8566ae4897069,Colombia,Portogallo,2026-06-27T23:30:00+00:00,3.6,3.3,2.12
2026-06-13T02:54:27.347181+00:00,13eab94a136b9c264ba974cf437a5f71,Congo DR,Uzbekistan,2026-06-27T23:30:00+00:00,2.15,3.1,2.8
2026-06-13T02:54:27.347181+00:00,8756200e539155e571557c4f2e0d7f05,Algeria,Austria,2026-06-28T02:00:00+00:00,3.05,2.9,1.94
2026-06-13T02:54:27.347181+00:00,54697f453437ab26276d773be1d72e9b,Giordania,Argentina,2026-06-28T02:00:00+00:00,13.0,6.7,1.16
2026-06-13T10:24:35.464495+00:00,26634922d3f78c146440816023e40de8,Qatar,Svizzera,2026-06-13T19:00:00+00:00,17.0,7.5,1.21
2026-06-13T10:24:35.464495+00:00,f6c8748a16516e0998f95de14235432a,Brasile,Marocco,2026-06-13T22:00:00+00:00,5.95,1.22,8.0
2026-06-13T10:24:35.464495+00:00,5ae41a06735c926eeb7f74006933adce,Haiti,Scozia,2026-06-14T01:00:00+00:00,9.8,1.17,6.45
2026-06-13T10:24:35.464495+00:00,564084f52cc9f1abcc18187c168a7cdc,Australia,Turchia,2026-06-14T04:00:00+00:00,5.5,3.85,1.73
2026-06-13T10:24:35.464495+00:00,d79edbd6aaeb578d33e313446b18d333,Germania,Curaçao,2026-06-14T17:00:00+00:00,1.03,17.75,51.0
2026-06-13T10:24:35.464495+00:00,32ec06abda2398ac41501c86eb9aa376,Olanda,Giappone,2026-06-14T20:00:00+00:00,1.95,3.64,3.92
2026-06-13T10:24:35.464495+00:00,05752bb341e197001387b64f3a06b9b2,Costa d'Avorio,Ecuador,2026-06-14T23:00:00+00:00,3.76,2.83,2.41
2026-06-13T10:24:35.464495+00:00,b55f9569de3f4d731bc5537ff5ff43e4,Svezia,Tunisia,2026-06-15T02:00:00+00:00,1.89,3.54,4.33
2026-06-13T10:24:35.464495+00:00,c54f00b11925751d2b62988775c6c239,Spagna,Capo Verde,2026-06-15T16:00:00+00:00,1.09,11.25,26.0
2026-06-13T10:24:35.464495+00:00,fbfb95c62003fd6d828b309f96ee1f9b,Belgio,Egitto,2026-06-15T19:00:00+00:00,1.62,3.98,5.75
2026-06-13T10:24:35.464495+00:00,64b91c5f2db61c7358a4f05459e83c52,Arabia Saudita,Uruguay,2026-06-15T22:00:00+00:00,8.5,4.45,1.43
2026-06-13T10:24:35.464495+00:00,ec51b9c44ad5e34552f3ab53f7262813,Iran,Nuova Zelanda,2026-06-16T01:00:00+00:00,1.84,3.53,4.78
2026-06-13T10:24:35.464495+00:00,73a4fcd14cc9766b9b9bfd50b8ca153a,Francia,Senegal,2026-06-16T19:00:00+00:00,1.47,4.4,7.4
2026-06-13T10:24:35.464495+00:00,4d4f2b9b78182b557d4fbf8dcf4f4af2,Iraq,Norvegia,2026-06-16T22:00:00+00:00,15.0,7.0,1.22
2026-06-13T10:24:35.464495+00:00,f31b2ee9e1cc6f7e641467f8237eaa21,Argentina,Algeria,2026-06-17T01:00:00+00:00,1.4,4.55,9.3
2026-06-13T10:24:35.464495+00:00,25161cf6cf0cd9be17ae2e7e224a1f45,Austria,Giordania,2026-06-17T04:00:00+00:00,1.32,6.0,10.0
2026-06-13T10:24:35.464495+00:00,6cc871c121a1869b4612d3fb22fa9d55,Portogallo,Congo DR,2026-06-17T17:00:00+00:00,1.3,5.8,12.0
2026-06-13T10:24:35.464495+00:00,689096c8cd7e2753b9fec95321943c5d,Inghilterra,Croazia,2026-06-17T20:00:00+00:00,1.73,3.82,4.95
2026-06-13T10:24:35.464495+00:00,87afdb85c977b451e1c00f5e3e632601,Ghana,Panama,2026-06-17T23:00:00+00:00,2.12,3.5,3.52
2026-06-13T10:24:35.464495+00:00,22083e7a8e5362c711bc05c1e1319a1f,Uzbekistan,Colombia,2026-06-18T02:00:00+00:00,9.3,4.65,1.39
2026-06-13T10:24:35.464495+00:00,66ebb9e3f949caded535d97ce686ca09,Cechia,Sudafrica,2026-06-18T16:00:00+00:00,1.72,3.85,4.8
2026-06-13T10:24:35.464495+00:00,289bc2e9f5adad8ae4d9a75a7c5461ad,Svizzera,Bosnia-Erzegovina,2026-06-18T19:00:00+00:00,1.57,3.9,6.1
2026-06-13T10:24:35.464495+00:00,fa9502285b257b03e62968d50d9229fc,Canada,Qatar,2026-06-18T22:00:00+00:00,1.25,5.0,8.5
2026-06-13T10:24:35.464495+00:00,0f2aeae6ac8e77223848d23a4ca86b0d,Messico,Corea del Sud,2026-06-19T01:00:00+00:00,1.96,3.4,4.0
2026-06-13T10:24:35.464495+00:00,065b3573e875f8d23803357f73e5b99e,USA,Australia,2026-06-19T19:00:00+00:00,1.6,4.5,6.2
2026-06-13T10:24:35.464495+00:00,4cd769aa7bae0ad9762bd69b80ef2903,Scozia,Marocco,2026-06-19T22:00:00+00:00,3.65,3.15,1.9
2026-06-13T10:24:35.464495+00:00,ef0f74a991d3e35798ae5af77667bce1,Brasile,Haiti,2026-06-20T01:00:00+00:00,1.05,12.5,30.0
2026-06-13T10:24:35.464495+00:00,f955d4b3395ce6e3b5ac1031ca52ca4e,Turchia,Paraguay,2026-06-20T03:00:00+00:00,2.07,3.4,4.0
2026-06-13T10:24:35.464495+00:00,4f0c518545b0096c68326daf25bffc1e,Olanda,Svezia,2026-06-20T17:00:00+00:00,1.62,3.85,5.1
2026-06-13T10:24:35.464495+00:00,f1ab0f69832972a329243522ceaa7804,Germania,Costa d'Avorio,2026-06-20T20:00:00+00:00,1.5,4.1,6.0
2026-06-13T10:24:35.464495+00:00,681895f294b670b4c7b14495dfb583bc,Ecuador,Curaçao,2026-06-21T00:00:00+00:00,1.15,6.5,10.0
2026-06-13T10:24:35.464495+00:00,dfc5202cf1b8ae002cf952cd04f235b9,Tunisia,Giappone,2026-06-21T04:00:00+00:00,5.2,3.55,1.67
2026-06-13T10:24:35.464495+00:00,73529a242e319a86bf3d00ddb4accc37,Spagna,Arabia Saudita,2026-06-21T16:00:00+00:00,1.09,12.7,34.0
2026-06-13T10:24:35.464495+00:00,5f92f257386ec5bf7c6e2498a21f3a61,Belgio,Iran,2026-06-21T19:00:00+00:00,1.36,4.67,7.87
2026-06-13T10:24:35.464495+00:00,852a3abe6d46820720febc0fedebff9a,Uruguay,Capo Verde,2026-06-21T22:00:00+00:00,1.43,4.2,7.0
2026-06-13T10:24:35.464495+00:00,c1ec9a65f4b4cf74477b368a7d6282de,Nuova Zelanda,Egitto,2026-06-22T01:00:00+00:00,5.0,3.5,1.7
2026-06-13T10:24:35.464495+00:00,be6c63f416c67bca1300a98f5b89c3af,Argentina,Austria,2026-06-22T17:00:00+00:00,1.6,3.85,5.4
2026-06-13T10:24:35.464495+00:00,7ad7a0ce2ef2618bb59b066da5642f70,Francia,Iraq,2026-06-22T21:00:00+00:00,1.11,8.5,21.0
2026-06-13T10:24:35.464495+00:00,3f48473742ca0fd2a85930554720c75e,Norvegia,Senegal,2026-06-23T00:00:00+00:00,2.19,3.55,3.46
2026-06-13T10:24:35.464495+00:00,fd8533b650e655030f6a7946f8795db2,Giordania,Algeria,2026-06-23T03:00:00+00:00,6.79,4.23,1.56
2026-06-13T10:24:35.464495+00:00,8ba93d190f1f934e33862a97a6353a6e,Portogallo,Uzbekistan,2026-06-23T17:00:00+00:00,1.21,5.8,8.5
2026-06-13T10:24:35.464495+00:00,2f49dd8deae3079dc4eb2d634d18a99c,Inghilterra,Ghana,2026-06-23T20:00:00+00:00,1.28,5.0,7.5
2026-06-13T10:24:35.464495+00:00,c1bc8c26480cd42b89a0de5329581314,Panama,Croazia,2026-06-23T23:00:00+00:00,5.5,3.85,1.49
2026-06-13T10:24:35.464495+00:00,68bfc965eb267508e04d8e8d75c1a0ae,Colombia,Congo DR,2026-06-24T02:00:00+00:00,1.53,4.2,7.5
2026-06-13T10:24:35.464495+00:00,512ac18beb5aa936a59f7ea3e497ada2,Bosnia-Erzegovina,Qatar,2026-06-24T19:00:00+00:00,1.6,3.85,5.7
2026-06-13T10:24:35.464495+00:00,c9ef5822ee64fd5275f7c73251bb56c7,Svizzera,Canada,2026-06-24T19:00:00+00:00,1.97,3.3,3.6
2026-06-13T10:24:35.464495+00:00,885ba95805db310a7bcc3fb1a7a6dd28,Scozia,Brasile,2026-06-24T22:00:00+00:00,7.0,4.2,1.44
2026-06-13T10:24:35.464495+00:00,d1279ce7f33136a33e99ad442fc855e8,Marocco,Haiti,2026-06-24T22:00:00+00:00,1.3,5.0,8.5
2026-06-13T10:24:35.464495+00:00,5993bd5196ca09f83990f0c3261e442e,Cechia,Messico,2026-06-25T01:00:00+00:00,3.65,3.15,1.68
2026-06-13T10:24:35.464495+00:00,c0355dfc6e26ec327e379b6ef5824a5f,Sudafrica,Corea del Sud,2026-06-25T01:00:00+00:00,4.5,3.45,1.48
2026-06-13T10:24:35.464495+00:00,a5a0b544a984ab16e564264f3e859b43,Curaçao,Costa d'Avorio,2026-06-25T20:00:00+00:00,8.5,5.0,1.15
2026-06-13T10:24:35.464495+00:00,0ec28b84ec399bd4dffbe8d1bc72b3c4,Ecuador,Germania,2026-06-25T20:00:00+00:00,4.0,3.35,1.56
2026-06-13T10:24:35.464495+00:00,0ed0233bddc4eafc8507f86a9c17b998,Giappone,Svezia,2026-06-25T23:00:00+00:00,1.94,3.15,3.15
2026-06-13T10:24:35.464495+00:00,f3c4657daa143a0c5bd62cb370d01ce4,Tunisia,Olanda,2026-06-25T23:00:00+00:00,5.0,3.7,1.39
2026-06-13T10:24:35.464495+00:00,22f6ac06dfcc88a847920f62633e6459,Paraguay,Australia,2026-06-26T02:00:00+00:00,2.0,3.0,3.2
2026-06-13T10:24:35.464495+00:00,f41aeac9a8343a84b4950f15ea25fba2,Turchia,USA,2026-06-26T02:00:00+00:00,2.35,3.15,2.25
2026-06-13T10:24:35.464495+00:00,b86b4d60f773e9e3c46c00e9a6496e79,Norvegia,Francia,2026-06-26T19:00:00+00:00,4.39,3.66,1.78
2026-06-13T10:24:35.464495+00:00,7e6aee294ea1a4792c59558791084528,Senegal,Iraq,2026-06-26T19:00:00+00:00,1.45,4.31,7.34
2026-06-13T10:24:35.464495+00:00,e07b1926be5a4d515c7eb108dbcee9c5,Capo Verde,Arabia Saudita,2026-06-27T00:00:00+00:00,2.2,3.7,2.75
2026-06-13T10:24:35.464495+00:00,dcff2e31c0bce001a4db5caaf4fa8822,Uruguay,Spagna,2026-06-27T00:00:00+00:00,5.3,3.8,1.57
2026-06-13T10:24:35.464495+00:00,581691da05dcd75b5c6d3be91ee9d2ab,Nuova Zelanda,Belgio,2026-06-27T03:00:00+00:00,9.85,5.58,1.3
2026-06-13T10:24:35.464495+00:00,3e3b5fa2b3c963e74cf044c60db0b573,Egitto,Iran,2026-06-27T03:00:00+00:00,2.38,3.08,3.62
2026-06-13T10:24:35.464495+00:00,537c0997cd899394f47f16545b7068b2,Croazia,Ghana,2026-06-27T21:00:00+00:00,1.57,3.7,5.5
2026-06-13T10:24:35.464495+00:00,4be17c8e1ccfecb0f2a5ef79e045c415,Panama,Inghilterra,2026-06-27T21:00:00+00:00,8.0,5.7,1.27
2026-06-13T10:24:35.464495+00:00,67ae5751c401a98409b8566ae4897069,Colombia,Portogallo,2026-06-27T23:30:00+00:00,3.6,3.3,2.12
2026-06-13T10:24:35.464495+00:00,13eab94a136b9c264ba974cf437a5f71,Congo DR,Uzbekistan,2026-06-27T23:30:00+00:00,2.15,3.1,2.8
2026-06-13T10:24:35.464495+00:00,8756200e539155e571557c4f2e0d7f05,Algeria,Austria,2026-06-28T02:00:00+00:00,3.05,2.9,1.94
2026-06-13T10:24:35.464495+00:00,54697f453437ab26276d773be1d72e9b,Giordania,Argentina,2026-06-28T02:00:00+00:00,13.0,6.7,1.16
2026-06-13T17:18:11.152209+00:00,26634922d3f78c146440816023e40de8,Qatar,Svizzera,2026-06-13T19:00:00+00:00,17.0,7.5,1.21
2026-06-13T17:18:11.152209+00:00,f6c8748a16516e0998f95de14235432a,Brasile,Marocco,2026-06-13T22:00:00+00:00,1.7,3.82,5.7
2026-06-13T17:18:11.152209+00:00,5ae41a06735c926eeb7f74006933adce,Haiti,Scozia,2026-06-14T01:00:00+00:00,6.1,4.7,1.56
2026-06-13T17:18:11.152209+00:00,564084f52cc9f1abcc18187c168a7cdc,Australia,Turchia,2026-06-14T04:00:00+00:00,5.6,3.8,1.73
2026-06-13T17:18:11.152209+00:00,d79edbd6aaeb578d33e313446b18d333,Germania,Curaçao,2026-06-14T17:00:00+00:00,1.04,21.0,41.0
2026-06-13T17:18:11.152209+00:00,32ec06abda2398ac41501c86eb9aa376,Olanda,Giappone,2026-06-14T20:00:00+00:00,2.02,3.64,3.78
2026-06-13T17:18:11.152209+00:00,05752bb341e197001387b64f3a06b9b2,Costa d'Avorio,Ecuador,2026-06-14T23:00:00+00:00,3.76,2.83,2.41
2026-06-13T17:18:11.152209+00:00,b55f9569de3f4d731bc5537ff5ff43e4,Svezia,Tunisia,2026-06-15T02:00:00+00:00,1.91,3.5,4.5
2026-06-13T17:18:11.152209+00:00,c54f00b11925751d2b62988775c6c239,Spagna,Capo Verde,2026-06-15T16:00:00+00:00,1.07,12.02,29.93
2026-06-13T17:18:11.152209+00:00,fbfb95c62003fd6d828b309f96ee1f9b,Belgio,Egitto,2026-06-15T19:00:00+00:00,1.61,4.07,5.82
2026-06-13T17:18:11.152209+00:00,64b91c5f2db61c7358a4f05459e83c52,Arabia Saudita,Uruguay,2026-06-15T22:00:00+00:00,8.19,4.5,1.44
2026-06-13T17:18:11.152209+00:00,ec51b9c44ad5e34552f3ab53f7262813,Iran,Nuova Zelanda,2026-06-16T01:00:00+00:00,1.84,3.53,4.78
2026-06-13T17:18:11.152209+00:00,73a4fcd14cc9766b9b9bfd50b8ca153a,Francia,Senegal,2026-06-16T19:00:00+00:00,1.48,4.46,7.31
2026-06-13T17:18:11.152209+00:00,4d4f2b9b78182b557d4fbf8dcf4f4af2,Iraq,Norvegia,2026-06-16T22:00:00+00:00,16.0,6.75,1.22
2026-06-13T17:18:11.152209+00:00,f31b2ee9e1cc6f7e641467f8237eaa21,Argentina,Algeria,2026-06-17T01:00:00+00:00,1.41,4.57,9.08
2026-06-13T17:18:11.152209+00:00,25161cf6cf0cd9be17ae2e7e224a1f45,Austria,Giordania,2026-06-17T04:00:00+00:00,1.32,6.0,10.0
2026-06-13T17:18:11.152209+00:00,6cc871c121a1869b4612d3fb22fa9d55,Portogallo,Congo DR,2026-06-17T17:00:00+00:00,1.3,5.8,12.0
2026-06-13T17:18:11.152209+00:00,689096c8cd7e2753b9fec95321943c5d,Inghilterra,Croazia,2026-06-17T20:00:00+00:00,1.73,3.9,4.96
2026-06-13T17:18:11.152209+00:00,87afdb85c977b451e1c00f5e3e632601,Ghana,Panama,2026-06-17T23:00:00+00:00,2.2,3.5,3.42
2026-06-13T17:18:11.152209+00:00,22083e7a8e5362c711bc05c1e1319a1f,Uzbekistan,Colombia,2026-06-18T02:00:00+00:00,9.19,4.75,1.39
2026-06-13T17:18:11.152209+00:00,66ebb9e3f949caded535d97ce686ca09,Cechia,Sudafrica,2026-06-18T16:00:00+00:00,1.72,3.85,4.8
2026-06-13T17:18:11.152209+00:00,289bc2e9f5adad8ae4d9a75a7c5461ad,Svizzera,Bosnia-Erzegovina,2026-06-18T19:00:00+00:00,1.57,3.9,6.1
2026-06-13T17:18:11.152209+00:00,fa9502285b257b03e62968d50d9229fc,Canada,Qatar,2026-06-18T22:00:00+00:00,1.25,5.0,8.5
2026-06-13T17:18:11.152209+00:00,0f2aeae6ac8e77223848d23a4ca86b0d,Messico,Corea del Sud,2026-06-19T01:00:00+00:00,1.96,3.4,4.0
2026-06-13T17:18:11.152209+00:00,065b3573e875f8d23803357f73e5b99e,USA,Australia,2026-06-19T19:00:00+00:00,1.6,4.5,6.2
2026-06-13T17:18:11.152209+00:00,4cd769aa7bae0ad9762bd69b80ef2903,Scozia,Marocco,2026-06-19T22:00:00+00:00,3.75,3.2,1.86
2026-06-13T17:18:11.152209+00:00,ef0f74a991d3e35798ae5af77667bce1,Brasile,Haiti,2026-06-20T01:00:00+00:00,1.05,13.0,30.0
2026-06-13T17:18:11.152209+00:00,f955d4b3395ce6e3b5ac1031ca52ca4e,Turchia,Paraguay,2026-06-20T03:00:00+00:00,2.07,3.4,4.0
2026-06-13T17:18:11.152209+00:00,4f0c518545b0096c68326daf25bffc1e,Olanda,Svezia,2026-06-20T17:00:00+00:00,1.62,3.85,5.1
2026-06-13T17:18:11.152209+00:00,f1ab0f69832972a329243522ceaa7804,Germania,Costa d'Avorio,2026-06-20T20:00:00+00:00,1.5,4.1,6.0
2026-06-13T17:18:11.152209+00:00,681895f294b670b4c7b14495dfb583bc,Ecuador,Curaçao,2026-06-21T00:00:00+00:00,1.15,6.5,10.0
2026-06-13T17:18:11.152209+00:00,dfc5202cf1b8ae002cf952cd04f235b9,Tunisia,Giappone,2026-06-21T04:00:00+00:00,5.2,3.55,1.67
2026-06-13T17:18:11.152209+00:00,73529a242e319a86bf3d00ddb4accc37,Spagna,Arabia Saudita,2026-06-21T16:00:00+00:00,1.12,10.1,30.0
2026-06-13T17:18:11.152209+00:00,5f92f257386ec5bf7c6e2498a21f3a61,Belgio,Iran,2026-06-21T19:00:00+00:00,1.36,4.67,7.87
2026-06-13T17:18:11.152209+00:00,852a3abe6d46820720febc0fedebff9a,Uruguay,Capo Verde,2026-06-21T22:00:00+00:00,1.4,4.4,8.0
2026-06-13T17:18:11.152209+00:00,c1ec9a65f4b4cf74477b368a7d6282de,Nuova Zelanda,Egitto,2026-06-22T01:00:00+00:00,5.0,3.5,1.7
2026-06-13T17:18:11.152209+00:00,be6c63f416c67bca1300a98f5b89c3af,Argentina,Austria,2026-06-22T17:00:00+00:00,1.6,3.85,5.4
2026-06-13T17:18:11.152209+00:00,7ad7a0ce2ef2618bb59b066da5642f70,Francia,Iraq,2026-06-22T21:00:00+00:00,1.1,9.0,23.0
2026-06-13T17:18:11.152209+00:00,3f48473742ca0fd2a85930554720c75e,Norvegia,Senegal,2026-06-23T00:00:00+00:00,2.2,3.54,3.48
2026-06-13T17:18:11.152209+00:00,fd8533b650e655030f6a7946f8795db2,Giordania,Algeria,2026-06-23T03:00:00+00:00,7.01,4.32,1.53
2026-06-13T17:18:11.152209+00:00,8ba93d190f1f934e33862a97a6353a6e,Portogallo,Uzbekistan,2026-06-23T17:00:00+00:00,1.21,5.6,9.0
2026-06-13T17:18:11.152209+00:00,2f49dd8deae3079dc4eb2d634d18a99c,Inghilterra,Ghana,2026-06-23T20:00:00+00:00,1.28,5.0,7.5
2026-06-13T17:18:11.152209+00:00,c1bc8c26480cd42b89a0de5329581314,Panama,Croazia,2026-06-23T23:00:00+00:00,5.5,3.85,1.49
2026-06-13T17:18:11.152209+00:00,68bfc965eb267508e04d8e8d75c1a0ae,Colombia,Congo DR,2026-06-24T02:00:00+00:00,1.53,4.2,7.5
2026-06-13T17:18:11.152209+00:00,512ac18beb5aa936a59f7ea3e497ada2,Bosnia-Erzegovina,Qatar,2026-06-24T19:00:00+00:00,1.59,3.85,5.9
2026-06-13T17:18:11.152209+00:00,c9ef5822ee64fd5275f7c73251bb56c7,Svizzera,Canada,2026-06-24T19:00:00+00:00,2.05,3.3,3.4
2026-06-13T17:18:11.152209+00:00,885ba95805db310a7bcc3fb1a7a6dd28,Scozia,Brasile,2026-06-24T22:00:00+00:00,7.0,4.2,1.44
2026-06-13T17:18:11.152209+00:00,d1279ce7f33136a33e99ad442fc855e8,Marocco,Haiti,2026-06-24T22:00:00+00:00,1.3,5.0,8.5
2026-06-13T17:18:11.152209+00:00,5993bd5196ca09f83990f0c3261e442e,Cechia,Messico,2026-06-25T01:00:00+00:00,3.8,3.15,1.66
2026-06-13T17:18:11.152209+00:00,c0355dfc6e26ec327e379b6ef5824a5f,Sudafrica,Corea del Sud,2026-06-25T01:00:00+00:00,4.5,3.45,1.48
2026-06-13T17:18:11.152209+00:00,a5a0b544a984ab16e564264f3e859b43,Curaçao,Costa d'Avorio,2026-06-25T20:00:00+00:00,8.5,5.0,1.15
2026-06-13T17:18:11.152209+00:00,0ec28b84ec399bd4dffbe8d1bc72b3c4,Ecuador,Germania,2026-06-25T20:00:00+00:00,4.0,3.35,1.56
2026-06-13T17:18:11.152209+00:00,0ed0233bddc4eafc8507f86a9c17b998,Giappone,Svezia,2026-06-25T23:00:00+00:00,1.94,3.15,3.15
2026-06-13T17:18:11.152209+00:00,f3c4657daa143a0c5bd62cb370d01ce4,Tunisia,Olanda,2026-06-25T23:00:00+00:00,5.0,3.7,1.39
2026-06-13T17:18:11.152209+00:00,22f6ac06dfcc88a847920f62633e6459,Paraguay,Australia,2026-06-26T02:00:00+00:00,1.94,3.05,3.25
2026-06-13T17:18:11.152209+00:00,f41aeac9a8343a84b4950f15ea25fba2,Turchia,USA,2026-06-26T02:00:00+00:00,2.4,3.15,2.2
2026-06-13T17:18:11.152209+00:00,b86b4d60f773e9e3c46c00e9a6496e79,Norvegia,Francia,2026-06-26T19:00:00+00:00,4.39,3.66,1.78
2026-06-13T17:18:11.152209+00:00,7e6aee294ea1a4792c59558791084528,Senegal,Iraq,2026-06-26T19:00:00+00:00,1.45,4.31,7.34
2026-06-13T17:18:11.152209+00:00,e07b1926be5a4d515c7eb108dbcee9c5,Capo Verde,Arabia Saudita,2026-06-27T00:00:00+00:00,2.4,3.6,2.55
2026-06-13T17:18:11.152209+00:00,dcff2e31c0bce001a4db5caaf4fa8822,Uruguay,Spagna,2026-06-27T00:00:00+00:00,5.3,3.8,1.57
2026-06-13T17:18:11.152209+00:00,581691da05dcd75b5c6d3be91ee9d2ab,Nuova Zelanda,Belgio,2026-06-27T03:00:00+00:00,9.82,5.58,1.3
2026-06-13T17:18:11.152209+00:00,3e3b5fa2b3c963e74cf044c60db0b573,Egitto,Iran,2026-06-27T03:00:00+00:00,2.38,3.08,3.62
2026-06-13T17:18:11.152209+00:00,537c0997cd899394f47f16545b7068b2,Croazia,Ghana,2026-06-27T21:00:00+00:00,1.57,3.7,5.5
2026-06-13T17:18:11.152209+00:00,4be17c8e1ccfecb0f2a5ef79e045c415,Panama,Inghilterra,2026-06-27T21:00:00+00:00,9.0,5.7,1.25
2026-06-13T17:18:11.152209+00:00,67ae5751c401a98409b8566ae4897069,Colombia,Portogallo,2026-06-27T23:30:00+00:00,3.6,3.3,2.12
2026-06-13T17:18:11.152209+00:00,13eab94a136b9c264ba974cf437a5f71,Congo DR,Uzbekistan,2026-06-27T23:30:00+00:00,2.15,3.1,2.8
2026-06-13T17:18:11.152209+00:00,8756200e539155e571557c4f2e0d7f05,Algeria,Austria,2026-06-28T02:00:00+00:00,3.05,2.9,1.94
2026-06-13T17:18:11.152209+00:00,54697f453437ab26276d773be1d72e9b,Giordania,Argentina,2026-06-28T02:00:00+00:00,14.0,6.5,1.16
2026-06-14T03:32:02.304841+00:00,564084f52cc9f1abcc18187c168a7cdc,Australia,Turchia,2026-06-14T04:00:00+00:00,5.47,3.76,1.75
2026-06-14T03:32:02.304841+00:00,d79edbd6aaeb578d33e313446b18d333,Germania,Curaçao,2026-06-14T17:00:00+00:00,1.04,21.0,41.0
2026-06-14T03:32:02.304841+00:00,32ec06abda2398ac41501c86eb9aa376,Olanda,Giappone,2026-06-14T20:00:00+00:00,2.05,3.62,3.7
2026-06-14T03:32:02.304841+00:00,05752bb341e197001387b64f3a06b9b2,Costa d'Avorio,Ecuador,2026-06-14T23:00:00+00:00,3.31,2.9,2.59
2026-06-14T03:32:02.304841+00:00,b55f9569de3f4d731bc5537ff5ff43e4,Svezia,Tunisia,2026-06-15T02:00:00+00:00,1.94,3.4,4.5
2026-06-14T03:32:02.304841+00:00,c54f00b11925751d2b62988775c6c239,Spagna,Capo Verde,2026-06-15T16:00:00+00:00,1.08,11.54,28.3
2026-06-14T03:32:02.304841+00:00,fbfb95c62003fd6d828b309f96ee1f9b,Belgio,Egitto,2026-06-15T19:00:00+00:00,1.61,4.07,5.82
2026-06-14T03:32:02.304841+00:00,64b91c5f2db61c7358a4f05459e83c52,Arabia Saudita,Uruguay,2026-06-15T22:00:00+00:00,8.19,4.5,1.44
2026-06-14T03:32:02.304841+00:00,ec51b9c44ad5e34552f3ab53f7262813,Iran,Nuova Zelanda,2026-06-16T01:00:00+00:00,1.84,3.53,4.78
2026-06-14T03:32:02.304841+00:00,73a4fcd14cc9766b9b9bfd50b8ca153a,Francia,Senegal,2026-06-16T19:00:00+00:00,1.47,4.53,7.35
2026-06-14T03:32:02.304841+00:00,4d4f2b9b78182b557d4fbf8dcf4f4af2,Iraq,Norvegia,2026-06-16T22:00:00+00:00,16.0,6.75,1.22
2026-06-14T03:32:02.304841+00:00,f31b2ee9e1cc6f7e641467f8237eaa21,Argentina,Algeria,2026-06-17T01:00:00+00:00,1.42,4.49,9.02
2026-06-14T03:32:02.304841+00:00,25161cf6cf0cd9be17ae2e7e224a1f45,Austria,Giordania,2026-06-17T04:00:00+00:00,1.3,6.1,10.0
2026-06-14T03:32:02.304841+00:00,6cc871c121a1869b4612d3fb22fa9d55,Portogallo,Congo DR,2026-06-17T17:00:00+00:00,1.29,5.8,12.0
2026-06-14T03:32:02.304841+00:00,689096c8cd7e2753b9fec95321943c5d,Inghilterra,Croazia,2026-06-17T20:00:00+00:00,1.73,3.9,4.97
2026-06-14T03:32:02.304841+00:00,87afdb85c977b451e1c00f5e3e632601,Ghana,Panama,2026-06-17T23:00:00+00:00,2.2,3.5,3.42
2026-06-14T03:32:02.304841+00:00,22083e7a8e5362c711bc05c1e1319a1f,Uzbekistan,Colombia,2026-06-18T02:00:00+00:00,9.19,4.75,1.39
2026-06-14T03:32:02.304841+00:00,66ebb9e3f949caded535d97ce686ca09,Cechia,Sudafrica,2026-06-18T16:00:00+00:00,1.72,3.85,4.8
2026-06-14T03:32:02.304841+00:00,289bc2e9f5adad8ae4d9a75a7c5461ad,Svizzera,Bosnia-Erzegovina,2026-06-18T19:00:00+00:00,1.56,4.0,6.25
2026-06-14T03:32:02.304841+00:00,fa9502285b257b03e62968d50d9229fc,Canada,Qatar,2026-06-18T22:00:00+00:00,1.23,5.3,8.5
2026-06-14T03:32:02.304841+00:00,0f2aeae6ac8e77223848d23a4ca86b0d,Messico,Corea del Sud,2026-06-19T01:00:00+00:00,1.96,3.4,4.0
2026-06-14T03:32:02.304841+00:00,065b3573e875f8d23803357f73e5b99e,USA,Australia,2026-06-19T19:00:00+00:00,1.58,4.6,6.4
2026-06-14T03:32:02.304841+00:00,4cd769aa7bae0ad9762bd69b80ef2903,Scozia,Marocco,2026-06-19T22:00:00+00:00,4.2,3.35,1.72
2026-06-14T03:32:02.304841+00:00,ef0f74a991d3e35798ae5af77667bce1,Brasile,Haiti,2026-06-20T01:00:00+00:00,1.08,10.29,28.94
2026-06-14T03:32:02.304841+00:00,f955d4b3395ce6e3b5ac1031ca52ca4e,Turchia,Paraguay,2026-06-20T03:00:00+00:00,2.07,3.4,4.0
2026-06-14T03:32:02.304841+00:00,4f0c518545b0096c68326daf25bffc1e,Olanda,Svezia,2026-06-20T17:00:00+00:00,1.62,3.85,5.1
2026-06-14T03:32:02.304841+00:00,f1ab0f69832972a329243522ceaa7804,Germania,Costa d'Avorio,2026-06-20T20:00:00+00:00,1.56,3.95,5.5
2026-06-14T03:32:02.304841+00:00,681895f294b670b4c7b14495dfb583bc,Ecuador,Curaçao,2026-06-21T00:00:00+00:00,1.15,6.5,10.0
2026-06-14T03:32:02.304841+00:00,dfc5202cf1b8ae002cf952cd04f235b9,Tunisia,Giappone,2026-06-21T04:00:00+00:00,5.2,3.55,1.67
2026-06-14T03:32:02.304841+00:00,73529a242e319a86bf3d00ddb4accc37,Spagna,Arabia Saudita,2026-06-21T16:00:00+00:00,1.12,10.1,30.0
2026-06-14T03:32:02.304841+00:00,5f92f257386ec5bf7c6e2498a21f3a61,Belgio,Iran,2026-06-21T19:00:00+00:00,1.36,4.67,7.87
2026-06-14T03:32:02.304841+00:00,852a3abe6d46820720febc0fedebff9a,Uruguay,Capo Verde,2026-06-21T22:00:00+00:00,1.4,4.4,8.0
2026-06-14T03:32:02.304841+00:00,c1ec9a65f4b4cf74477b368a7d6282de,Nuova Zelanda,Egitto,2026-06-22T01:00:00+00:00,5.0,3.5,1.7
2026-06-14T03:32:02.304841+00:00,be6c63f416c67bca1300a98f5b89c3af,Argentina,Austria,2026-06-22T17:00:00+00:00,1.6,3.85,5.4
2026-06-14T03:32:02.304841+00:00,7ad7a0ce2ef2618bb59b066da5642f70,Francia,Iraq,2026-06-22T21:00:00+00:00,1.1,9.0,23.0
2026-06-14T03:32:02.304841+00:00,3f48473742ca0fd2a85930554720c75e,Norvegia,Senegal,2026-06-23T00:00:00+00:00,2.2,3.54,3.48
2026-06-14T03:32:02.304841+00:00,fd8533b650e655030f6a7946f8795db2,Giordania,Algeria,2026-06-23T03:00:00+00:00,7.01,4.32,1.53
2026-06-14T03:32:02.304841+00:00,8ba93d190f1f934e33862a97a6353a6e,Portogallo,Uzbekistan,2026-06-23T17:00:00+00:00,1.2,5.7,9.0
2026-06-14T03:32:02.304841+00:00,2f49dd8deae3079dc4eb2d634d18a99c,Inghilterra,Ghana,2026-06-23T20:00:00+00:00,1.28,5.0,7.5
2026-06-14T03:32:02.304841+00:00,c1bc8c26480cd42b89a0de5329581314,Panama,Croazia,2026-06-23T23:00:00+00:00,5.5,3.85,1.49
2026-06-14T03:32:02.304841+00:00,68bfc965eb267508e04d8e8d75c1a0ae,Colombia,Congo DR,2026-06-24T02:00:00+00:00,1.49,4.3,8.0
2026-06-14T03:32:02.304841+00:00,512ac18beb5aa936a59f7ea3e497ada2,Bosnia-Erzegovina,Qatar,2026-06-24T19:00:00+00:00,1.52,4.05,6.4
2026-06-14T03:32:02.304841+00:00,c9ef5822ee64fd5275f7c73251bb56c7,Svizzera,Canada,2026-06-24T19:00:00+00:00,2.05,3.3,3.4
2026-06-14T03:32:02.304841+00:00,885ba95805db310a7bcc3fb1a7a6dd28,Scozia,Brasile,2026-06-24T22:00:00+00:00,7.0,4.2,1.44
2026-06-14T03:32:02.304841+00:00,d1279ce7f33136a33e99ad442fc855e8,Marocco,Haiti,2026-06-24T22:00:00+00:00,1.25,5.5,9.5
2026-06-14T03:32:02.304841+00:00,5993bd5196ca09f83990f0c3261e442e,Cechia,Messico,2026-06-25T01:00:00+00:00,3.8,3.15,1.66
2026-06-14T03:32:02.304841+00:00,c0355dfc6e26ec327e379b6ef5824a5f,Sudafrica,Corea del Sud,2026-06-25T01:00:00+00:00,4.5,3.45,1.48
2026-06-14T03:32:02.304841+00:00,a5a0b544a984ab16e564264f3e859b43,Curaçao,Costa d'Avorio,2026-06-25T20:00:00+00:00,8.5,5.0,1.15
2026-06-14T03:32:02.304841+00:00,0ec28b84ec399bd4dffbe8d1bc72b3c4,Ecuador,Germania,2026-06-25T20:00:00+00:00,4.0,3.35,1.56
2026-06-14T03:32:02.304841+00:00,0ed0233bddc4eafc8507f86a9c17b998,Giappone,Svezia,2026-06-25T23:00:00+00:00,1.94,3.15,3.15
2026-06-14T03:32:02.304841+00:00,f3c4657daa143a0c5bd62cb370d01ce4,Tunisia,Olanda,2026-06-25T23:00:00+00:00,5.1,3.75,1.38
2026-06-14T03:32:02.304841+00:00,22f6ac06dfcc88a847920f62633e6459,Paraguay,Australia,2026-06-26T02:00:00+00:00,1.94,3.05,3.25
2026-06-14T03:32:02.304841+00:00,f41aeac9a8343a84b4950f15ea25fba2,Turchia,USA,2026-06-26T02:00:00+00:00,2.4,3.15,2.2
2026-06-14T03:32:02.304841+00:00,b86b4d60f773e9e3c46c00e9a6496e79,Norvegia,Francia,2026-06-26T19:00:00+00:00,4.39,3.66,1.78
2026-06-14T03:32:02.304841+00:00,7e6aee294ea1a4792c59558791084528,Senegal,Iraq,2026-06-26T19:00:00+00:00,1.45,4.31,7.34
2026-06-14T03:32:02.304841+00:00,e07b1926be5a4d515c7eb108dbcee9c5,Capo Verde,Arabia Saudita,2026-06-27T00:00:00+00:00,2.4,3.6,2.55
2026-06-14T03:32:02.304841+00:00,dcff2e31c0bce001a4db5caaf4fa8822,Uruguay,Spagna,2026-06-27T00:00:00+00:00,5.3,3.8,1.57
2026-06-14T03:32:02.304841+00:00,581691da05dcd75b5c6d3be91ee9d2ab,Nuova Zelanda,Belgio,2026-06-27T03:00:00+00:00,9.48,5.58,1.3
2026-06-14T03:32:02.304841+00:00,3e3b5fa2b3c963e74cf044c60db0b573,Egitto,Iran,2026-06-27T03:00:00+00:00,2.38,3.08,3.62
2026-06-14T03:32:02.304841+00:00,537c0997cd899394f47f16545b7068b2,Croazia,Ghana,2026-06-27T21:00:00+00:00,1.57,3.7,5.5
2026-06-14T03:32:02.304841+00:00,4be17c8e1ccfecb0f2a5ef79e045c415,Panama,Inghilterra,2026-06-27T21:00:00+00:00,9.0,5.7,1.25
2026-06-14T03:32:02.304841+00:00,67ae5751c401a98409b8566ae4897069,Colombia,Portogallo,2026-06-27T23:30:00+00:00,3.6,3.3,2.12
2026-06-14T03:32:02.304841+00:00,13eab94a136b9c264ba974cf437a5f71,Congo DR,Uzbekistan,2026-06-27T23:30:00+00:00,2.15,3.1,2.8
2026-06-14T03:32:02.304841+00:00,8756200e539155e571557c4f2e0d7f05,Algeria,Austria,2026-06-28T02:00:00+00:00,3.05,2.9,1.94
2026-06-14T03:32:02.304841+00:00,54697f453437ab26276d773be1d72e9b,Giordania,Argentina,2026-06-28T02:00:00+00:00,14.0,6.5,1.16
2026-06-14T10:46:35.992787+00:00,d79edbd6aaeb578d33e313446b18d333,Germania,Curaçao,2026-06-14T17:00:00+00:00,1.04,23.0,46.0
2026-06-14T10:46:35.992787+00:00,32ec06abda2398ac41501c86eb9aa376,Olanda,Giappone,2026-06-14T20:00:00+00:00,2.07,3.57,3.76
2026-06-14T10:46:35.992787+00:00,05752bb341e197001387b64f3a06b9b2,Costa d'Avorio,Ecuador,2026-06-14T23:00:00+00:00,3.35,2.89,2.61
2026-06-14T10:46:35.992787+00:00,b55f9569de3f4d731bc5537ff5ff43e4,Svezia,Tunisia,2026-06-15T02:00:00+00:00,1.95,3.5,4.35
2026-06-14T10:46:35.992787+00:00,c54f00b11925751d2b62988775c6c239,Spagna,Capo Verde,2026-06-15T16:00:00+00:00,1.08,11.11,26.77
2026-06-14T10:46:35.992787+00:00,fbfb95c62003fd6d828b309f96ee1f9b,Belgio,Egitto,2026-06-15T19:00:00+00:00,1.62,4.06,5.79
2026-06-14T10:46:35.992787+00:00,64b91c5f2db61c7358a4f05459e83c52,Arabia Saudita,Uruguay,2026-06-15T22:00:00+00:00,8.18,4.5,1.44
2026-06-14T10:46:35.992787+00:00,ec51b9c44ad5e34552f3ab53f7262813,Iran,Nuova Zelanda,2026-06-16T01:00:00+00:00,1.84,3.53,4.79
2026-06-14T10:46:35.992787+00:00,73a4fcd14cc9766b9b9bfd50b8ca153a,Francia,Senegal,2026-06-16T19:00:00+00:00,1.47,4.52,7.31
2026-06-14T10:46:35.992787+00:00,4d4f2b9b78182b557d4fbf8dcf4f4af2,Iraq,Norvegia,2026-06-16T22:00:00+00:00,16.0,6.75,1.22
2026-06-14T10:46:35.992787+00:00,f31b2ee9e1cc6f7e641467f8237eaa21,Argentina,Algeria,2026-06-17T01:00:00+00:00,1.4,4.57,9.33
2026-06-14T10:46:35.992787+00:00,25161cf6cf0cd9be17ae2e7e224a1f45,Austria,Giordania,2026-06-17T04:00:00+00:00,1.3,6.1,10.0
2026-06-14T10:46:35.992787+00:00,6cc871c121a1869b4612d3fb22fa9d55,Portogallo,Congo DR,2026-06-17T17:00:00+00:00,1.29,5.8,12.0
2026-06-14T10:46:35.992787+00:00,689096c8cd7e2753b9fec95321943c5d,Inghilterra,Croazia,2026-06-17T20:00:00+00:00,1.73,3.9,4.97
2026-06-14T10:46:35.992787+00:00,87afdb85c977b451e1c00f5e3e632601,Ghana,Panama,2026-06-17T23:00:00+00:00,2.2,3.5,3.42
2026-06-14T10:46:35.992787+00:00,22083e7a8e5362c711bc05c1e1319a1f,Uzbekistan,Colombia,2026-06-18T02:00:00+00:00,9.19,4.75,1.39
2026-06-14T10:46:35.992787+00:00,66ebb9e3f949caded535d97ce686ca09,Cechia,Sudafrica,2026-06-18T16:00:00+00:00,1.72,3.85,4.8
2026-06-14T10:46:35.992787+00:00,289bc2e9f5adad8ae4d9a75a7c5461ad,Svizzera,Bosnia-Erzegovina,2026-06-18T19:00:00+00:00,1.56,4.0,6.1
2026-06-14T10:46:35.992787+00:00,fa9502285b257b03e62968d50d9229fc,Canada,Qatar,2026-06-18T22:00:00+00:00,1.24,5.2,8.5
2026-06-14T10:46:35.992787+00:00,0f2aeae6ac8e77223848d23a4ca86b0d,Messico,Corea del Sud,2026-06-19T01:00:00+00:00,1.96,3.4,4.0
2026-06-14T10:46:35.992787+00:00,065b3573e875f8d23803357f73e5b99e,USA,Australia,2026-06-19T19:00:00+00:00,1.63,4.4,6.0
2026-06-14T10:46:35.992787+00:00,4cd769aa7bae0ad9762bd69b80ef2903,Scozia,Marocco,2026-06-19T22:00:00+00:00,4.3,3.4,1.68
2026-06-14T10:46:35.992787+00:00,ef0f74a991d3e35798ae5af77667bce1,Brasile,Haiti,2026-06-20T01:00:00+00:00,1.08,9.11,23.82
2026-06-14T10:46:35.992787+00:00,f955d4b3395ce6e3b5ac1031ca52ca4e,Turchia,Paraguay,2026-06-20T03:00:00+00:00,2.08,3.4,4.0
2026-06-14T10:46:35.992787+00:00,4f0c518545b0096c68326daf25bffc1e,Olanda,Svezia,2026-06-20T17:00:00+00:00,1.62,3.85,5.1
2026-06-14T10:46:35.992787+00:00,f1ab0f69832972a329243522ceaa7804,Germania,Costa d'Avorio,2026-06-20T20:00:00+00:00,1.56,3.95,5.5
2026-06-14T10:46:35.992787+00:00,681895f294b670b4c7b14495dfb583bc,Ecuador,Curaçao,2026-06-21T00:00:00+00:00,1.15,6.75,10.0
2026-06-14T10:46:35.992787+00:00,dfc5202cf1b8ae002cf952cd04f235b9,Tunisia,Giappone,2026-06-21T04:00:00+00:00,5.2,3.55,1.67
2026-06-14T10:46:35.992787+00:00,73529a242e319a86bf3d00ddb4accc37,Spagna,Arabia Saudita,2026-06-21T16:00:00+00:00,1.12,10.1,30.0
2026-06-14T10:46:35.992787+00:00,5f92f257386ec5bf7c6e2498a21f3a61,Belgio,Iran,2026-06-21T19:00:00+00:00,1.36,4.67,7.87
2026-06-14T10:46:35.992787+00:00,852a3abe6d46820720febc0fedebff9a,Uruguay,Capo Verde,2026-06-21T22:00:00+00:00,1.43,4.4,8.0
2026-06-14T10:46:35.992787+00:00,c1ec9a65f4b4cf74477b368a7d6282de,Nuova Zelanda,Egitto,2026-06-22T01:00:00+00:00,5.0,3.5,1.7
2026-06-14T10:46:35.992787+00:00,be6c63f416c67bca1300a98f5b89c3af,Argentina,Austria,2026-06-22T17:00:00+00:00,1.6,3.85,5.4
2026-06-14T10:46:35.992787+00:00,7ad7a0ce2ef2618bb59b066da5642f70,Francia,Iraq,2026-06-22T21:00:00+00:00,1.1,9.0,23.0
2026-06-14T10:46:35.992787+00:00,3f48473742ca0fd2a85930554720c75e,Norvegia,Senegal,2026-06-23T00:00:00+00:00,2.2,3.54,3.48
2026-06-14T10:46:35.992787+00:00,fd8533b650e655030f6a7946f8795db2,Giordania,Algeria,2026-06-23T03:00:00+00:00,7.01,4.32,1.53
2026-06-14T10:46:35.992787+00:00,8ba93d190f1f934e33862a97a6353a6e,Portogallo,Uzbekistan,2026-06-23T17:00:00+00:00,1.2,5.7,9.0
2026-06-14T10:46:35.992787+00:00,2f49dd8deae3079dc4eb2d634d18a99c,Inghilterra,Ghana,2026-06-23T20:00:00+00:00,1.28,5.0,7.5
2026-06-14T10:46:35.992787+00:00,c1bc8c26480cd42b89a0de5329581314,Panama,Croazia,2026-06-23T23:00:00+00:00,5.5,3.85,1.49
2026-06-14T10:46:35.992787+00:00,68bfc965eb267508e04d8e8d75c1a0ae,Colombia,Congo DR,2026-06-24T02:00:00+00:00,1.49,4.3,8.0
2026-06-14T10:46:35.992787+00:00,512ac18beb5aa936a59f7ea3e497ada2,Bosnia-Erzegovina,Qatar,2026-06-24T19:00:00+00:00,1.52,4.05,6.4
2026-06-14T10:46:35.992787+00:00,c9ef5822ee64fd5275f7c73251bb56c7,Svizzera,Canada,2026-06-24T19:00:00+00:00,2.05,3.3,3.4
2026-06-14T10:46:35.992787+00:00,885ba95805db310a7bcc3fb1a7a6dd28,Scozia,Brasile,2026-06-24T22:00:00+00:00,6.75,4.7,1.41
2026-06-14T10:46:35.992787+00:00,d1279ce7f33136a33e99ad442fc855e8,Marocco,Haiti,2026-06-24T22:00:00+00:00,1.25,5.5,9.5
2026-06-14T10:46:35.992787+00:00,5993bd5196ca09f83990f0c3261e442e,Cechia,Messico,2026-06-25T01:00:00+00:00,3.8,3.15,1.66
2026-06-14T10:46:35.992787+00:00,c0355dfc6e26ec327e379b6ef5824a5f,Sudafrica,Corea del Sud,2026-06-25T01:00:00+00:00,4.5,3.45,1.48
2026-06-14T10:46:35.992787+00:00,a5a0b544a984ab16e564264f3e859b43,Curaçao,Costa d'Avorio,2026-06-25T20:00:00+00:00,8.5,5.0,1.15
2026-06-14T10:46:35.992787+00:00,0ec28b84ec399bd4dffbe8d1bc72b3c4,Ecuador,Germania,2026-06-25T20:00:00+00:00,4.0,3.35,1.56
2026-06-14T10:46:35.992787+00:00,0ed0233bddc4eafc8507f86a9c17b998,Giappone,Svezia,2026-06-25T23:00:00+00:00,1.94,3.15,3.15
2026-06-14T10:46:35.992787+00:00,f3c4657daa143a0c5bd62cb370d01ce4,Tunisia,Olanda,2026-06-25T23:00:00+00:00,5.1,3.75,1.38
2026-06-14T10:46:35.992787+00:00,22f6ac06dfcc88a847920f62633e6459,Paraguay,Australia,2026-06-26T02:00:00+00:00,1.98,3.05,3.2
2026-06-14T10:46:35.992787+00:00,f41aeac9a8343a84b4950f15ea25fba2,Turchia,USA,2026-06-26T02:00:00+00:00,2.4,3.2,2.15
2026-06-14T10:46:35.992787+00:00,b86b4d60f773e9e3c46c00e9a6496e79,Norvegia,Francia,2026-06-26T19:00:00+00:00,4.39,3.66,1.78
2026-06-14T10:46:35.992787+00:00,7e6aee294ea1a4792c59558791084528,Senegal,Iraq,2026-06-26T19:00:00+00:00,1.45,4.31,7.72
2026-06-14T10:46:35.992787+00:00,e07b1926be5a4d515c7eb108dbcee9c5,Capo Verde,Arabia Saudita,2026-06-27T00:00:00+00:00,2.4,3.6,2.55
2026-06-14T10:46:35.992787+00:00,dcff2e31c0bce001a4db5caaf4fa8822,Uruguay,Spagna,2026-06-27T00:00:00+00:00,5.3,3.8,1.57
2026-06-14T10:46:35.992787+00:00,581691da05dcd75b5c6d3be91ee9d2ab,Nuova Zelanda,Belgio,2026-06-27T03:00:00+00:00,9.48,5.58,1.3
2026-06-14T10:46:35.992787+00:00,3e3b5fa2b3c963e74cf044c60db0b573,Egitto,Iran,2026-06-27T03:00:00+00:00,2.38,3.08,3.62
2026-06-14T10:46:35.992787+00:00,537c0997cd899394f47f16545b7068b2,Croazia,Ghana,2026-06-27T21:00:00+00:00,1.57,3.7,5.5
2026-06-14T10:46:35.992787+00:00,4be17c8e1ccfecb0f2a5ef79e045c415,Panama,Inghilterra,2026-06-27T21:00:00+00:00,9.0,5.7,1.25
2026-06-14T10:46:35.992787+00:00,67ae5751c401a98409b8566ae4897069,Colombia,Portogallo,2026-06-27T23:30:00+00:00,3.6,3.35,2.16
2026-06-14T10:46:35.992787+00:00,13eab94a136b9c264ba974cf437a5f71,Congo DR,Uzbekistan,2026-06-27T23:30:00+00:00,2.15,3.1,2.8
2026-06-14T10:46:35.992787+00:00,8756200e539155e571557c4f2e0d7f05,Algeria,Austria,2026-06-28T02:00:00+00:00,3.05,2.9,1.94
2026-06-14T10:46:35.992787+00:00,54697f453437ab26276d773be1d72e9b,Giordania,Argentina,2026-06-28T02:00:00+00:00,14.0,6.5,1.16
2026-06-14T17:15:54.096314+00:00,d79edbd6aaeb578d33e313446b18d333,Germania,Curaçao,2026-06-14T17:01:00+00:00,1.01,110.0,380.0
2026-06-14T17:15:54.096314+00:00,32ec06abda2398ac41501c86eb9aa376,Olanda,Giappone,2026-06-14T20:00:00+00:00,2.1,3.5,3.84
2026-06-14T17:15:54.096314+00:00,05752bb341e197001387b64f3a06b9b2,Costa d'Avorio,Ecuador,2026-06-14T23:00:00+00:00,3.37,2.92,2.61
2026-06-14T17:15:54.096314+00:00,b55f9569de3f4d731bc5537ff5ff43e4,Svezia,Tunisia,2026-06-15T02:00:00+00:00,1.88,3.55,4.6
2026-06-14T17:15:54.096314+00:00,c54f00b11925751d2b62988775c6c239,Spagna,Capo Verde,2026-06-15T16:00:00+00:00,1.09,11.63,21.45
2026-06-14T17:15:54.096314+00:00,fbfb95c62003fd6d828b309f96ee1f9b,Belgio,Egitto,2026-06-15T19:00:00+00:00,1.62,4.02,5.76
2026-06-14T17:15:54.096314+00:00,64b91c5f2db61c7358a4f05459e83c52,Arabia Saudita,Uruguay,2026-06-15T22:00:00+00:00,7.95,4.43,1.46
2026-06-14T17:15:54.096314+00:00,ec51b9c44ad5e34552f3ab53f7262813,Iran,Nuova Zelanda,2026-06-16T01:00:00+00:00,1.84,3.53,4.79
2026-06-14T17:15:54.096314+00:00,73a4fcd14cc9766b9b9bfd50b8ca153a,Francia,Senegal,2026-06-16T19:00:00+00:00,1.48,4.49,7.22
2026-06-14T17:15:54.096314+00:00,4d4f2b9b78182b557d4fbf8dcf4f4af2,Iraq,Norvegia,2026-06-16T22:00:00+00:00,16.0,7.5,1.21
2026-06-14T17:15:54.096314+00:00,f31b2ee9e1cc6f7e641467f8237eaa21,Argentina,Algeria,2026-06-17T01:00:00+00:00,1.4,4.58,9.35
2026-06-14T17:15:54.096314+00:00,25161cf6cf0cd9be17ae2e7e224a1f45,Austria,Giordania,2026-06-17T04:00:00+00:00,1.33,5.8,9.5
2026-06-14T17:15:54.096314+00:00,6cc871c121a1869b4612d3fb22fa9d55,Portogallo,Congo DR,2026-06-17T17:00:00+00:00,1.29,5.8,12.0
2026-06-14T17:15:54.096314+00:00,689096c8cd7e2753b9fec95321943c5d,Inghilterra,Croazia,2026-06-17T20:00:00+00:00,1.73,3.9,4.97
2026-06-14T17:15:54.096314+00:00,87afdb85c977b451e1c00f5e3e632601,Ghana,Panama,2026-06-17T23:00:00+00:00,2.2,3.47,3.43
2026-06-14T17:15:54.096314+00:00,22083e7a8e5362c711bc05c1e1319a1f,Uzbekistan,Colombia,2026-06-18T02:00:00+00:00,9.19,4.75,1.39
2026-06-14T17:15:54.096314+00:00,66ebb9e3f949caded535d97ce686ca09,Cechia,Sudafrica,2026-06-18T16:00:00+00:00,1.72,3.85,4.8
2026-06-14T17:15:54.096314+00:00,289bc2e9f5adad8ae4d9a75a7c5461ad,Svizzera,Bosnia-Erzegovina,2026-06-18T19:00:00+00:00,1.56,4.0,6.25
2026-06-14T17:15:54.096314+00:00,fa9502285b257b03e62968d50d9229fc,Canada,Qatar,2026-06-18T22:00:00+00:00,1.24,5.2,8.5
2026-06-14T17:15:54.096314+00:00,0f2aeae6ac8e77223848d23a4ca86b0d,Messico,Corea del Sud,2026-06-19T01:00:00+00:00,1.96,3.4,4.0
2026-06-14T17:15:54.096314+00:00,065b3573e875f8d23803357f73e5b99e,USA,Australia,2026-06-19T19:00:00+00:00,1.63,4.4,5.9
2026-06-14T17:15:54.096314+00:00,4cd769aa7bae0ad9762bd69b80ef2903,Scozia,Marocco,2026-06-19T22:00:00+00:00,4.3,3.4,1.68
2026-06-14T17:15:54.096314+00:00,ef0f74a991d3e35798ae5af77667bce1,Brasile,Haiti,2026-06-20T01:00:00+00:00,1.08,9.11,22.34
2026-06-14T17:15:54.096314+00:00,f955d4b3395ce6e3b5ac1031ca52ca4e,Turchia,Paraguay,2026-06-20T03:00:00+00:00,2.08,3.45,4.0
2026-06-14T17:15:54.096314+00:00,4f0c518545b0096c68326daf25bffc1e,Olanda,Svezia,2026-06-20T17:00:00+00:00,1.62,3.85,5.1
2026-06-14T17:15:54.096314+00:00,f1ab0f69832972a329243522ceaa7804,Germania,Costa d'Avorio,2026-06-20T20:00:00+00:00,1.51,4.1,6.0
2026-06-14T17:15:54.096314+00:00,681895f294b670b4c7b14495dfb583bc,Ecuador,Curaçao,2026-06-21T00:00:00+00:00,1.21,6.0,14.0
2026-06-14T17:15:54.096314+00:00,dfc5202cf1b8ae002cf952cd04f235b9,Tunisia,Giappone,2026-06-21T04:00:00+00:00,5.2,3.55,1.67
2026-06-14T17:15:54.096314+00:00,73529a242e319a86bf3d00ddb4accc37,Spagna,Arabia Saudita,2026-06-21T16:00:00+00:00,1.12,10.0,30.0
2026-06-14T17:15:54.096314+00:00,5f92f257386ec5bf7c6e2498a21f3a61,Belgio,Iran,2026-06-21T19:00:00+00:00,1.36,4.68,7.89
2026-06-14T17:15:54.096314+00:00,852a3abe6d46820720febc0fedebff9a,Uruguay,Capo Verde,2026-06-21T22:00:00+00:00,1.43,4.4,8.0
2026-06-14T17:15:54.096314+00:00,c1ec9a65f4b4cf74477b368a7d6282de,Nuova Zelanda,Egitto,2026-06-22T01:00:00+00:00,5.0,3.5,1.7
2026-06-14T17:15:54.096314+00:00,be6c63f416c67bca1300a98f5b89c3af,Argentina,Austria,2026-06-22T17:00:00+00:00,1.6,3.85,5.4
2026-06-14T17:15:54.096314+00:00,7ad7a0ce2ef2618bb59b066da5642f70,Francia,Iraq,2026-06-22T21:00:00+00:00,1.1,9.0,23.0
2026-06-14T17:15:54.096314+00:00,3f48473742ca0fd2a85930554720c75e,Norvegia,Senegal,2026-06-23T00:00:00+00:00,2.2,3.54,3.48
2026-06-14T17:15:54.096314+00:00,fd8533b650e655030f6a7946f8795db2,Giordania,Algeria,2026-06-23T03:00:00+00:00,7.01,4.32,1.53
2026-06-14T17:15:54.096314+00:00,8ba93d190f1f934e33862a97a6353a6e,Portogallo,Uzbekistan,2026-06-23T17:00:00+00:00,1.2,5.7,9.0
2026-06-14T17:15:54.096314+00:00,2f49dd8deae3079dc4eb2d634d18a99c,Inghilterra,Ghana,2026-06-23T20:00:00+00:00,1.28,5.0,7.5
2026-06-14T17:15:54.096314+00:00,c1bc8c26480cd42b89a0de5329581314,Panama,Croazia,2026-06-23T23:00:00+00:00,5.5,3.85,1.49
2026-06-14T17:15:54.096314+00:00,68bfc965eb267508e04d8e8d75c1a0ae,Colombia,Congo DR,2026-06-24T02:00:00+00:00,1.49,4.3,8.0
2026-06-14T17:15:54.096314+00:00,512ac18beb5aa936a59f7ea3e497ada2,Bosnia-Erzegovina,Qatar,2026-06-24T19:00:00+00:00,1.52,4.05,6.4
2026-06-14T17:15:54.096314+00:00,c9ef5822ee64fd5275f7c73251bb56c7,Svizzera,Canada,2026-06-24T19:00:00+00:00,2.05,3.3,3.4
2026-06-14T17:15:54.096314+00:00,885ba95805db310a7bcc3fb1a7a6dd28,Scozia,Brasile,2026-06-24T22:00:00+00:00,6.75,4.7,1.41
2026-06-14T17:15:54.096314+00:00,d1279ce7f33136a33e99ad442fc855e8,Marocco,Haiti,2026-06-24T22:00:00+00:00,1.25,5.5,9.5
2026-06-14T17:15:54.096314+00:00,5993bd5196ca09f83990f0c3261e442e,Cechia,Messico,2026-06-25T01:00:00+00:00,3.8,3.15,1.66
2026-06-14T17:15:54.096314+00:00,c0355dfc6e26ec327e379b6ef5824a5f,Sudafrica,Corea del Sud,2026-06-25T01:00:00+00:00,4.5,3.45,1.48
2026-06-14T17:15:54.096314+00:00,a5a0b544a984ab16e564264f3e859b43,Curaçao,Costa d'Avorio,2026-06-25T20:00:00+00:00,13.5,6.6,1.25
2026-06-14T17:15:54.096314+00:00,0ec28b84ec399bd4dffbe8d1bc72b3c4,Ecuador,Germania,2026-06-25T20:00:00+00:00,4.66,3.92,1.68
2026-06-14T17:15:54.096314+00:00,0ed0233bddc4eafc8507f86a9c17b998,Giappone,Svezia,2026-06-25T23:00:00+00:00,1.94,3.15,3.15
2026-06-14T17:15:54.096314+00:00,f3c4657daa143a0c5bd62cb370d01ce4,Tunisia,Olanda,2026-06-25T23:00:00+00:00,5.1,3.75,1.38
2026-06-14T17:15:54.096314+00:00,22f6ac06dfcc88a847920f62633e6459,Paraguay,Australia,2026-06-26T02:00:00+00:00,2.0,3.05,3.1
2026-06-14T17:15:54.096314+00:00,f41aeac9a8343a84b4950f15ea25fba2,Turchia,USA,2026-06-26T02:00:00+00:00,2.4,3.2,2.15
2026-06-14T17:15:54.096314+00:00,b86b4d60f773e9e3c46c00e9a6496e79,Norvegia,Francia,2026-06-26T19:00:00+00:00,4.39,3.66,1.78
2026-06-14T17:15:54.096314+00:00,7e6aee294ea1a4792c59558791084528,Senegal,Iraq,2026-06-26T19:00:00+00:00,1.45,4.31,7.72
2026-06-14T17:15:54.096314+00:00,e07b1926be5a4d515c7eb108dbcee9c5,Capo Verde,Arabia Saudita,2026-06-27T00:00:00+00:00,2.4,3.5,2.6
2026-06-14T17:15:54.096314+00:00,dcff2e31c0bce001a4db5caaf4fa8822,Uruguay,Spagna,2026-06-27T00:00:00+00:00,5.3,3.8,1.57
2026-06-14T17:15:54.096314+00:00,581691da05dcd75b5c6d3be91ee9d2ab,Nuova Zelanda,Belgio,2026-06-27T03:00:00+00:00,9.48,5.58,1.3
2026-06-14T17:15:54.096314+00:00,3e3b5fa2b3c963e74cf044c60db0b573,Egitto,Iran,2026-06-27T03:00:00+00:00,2.38,3.08,3.62
2026-06-14T17:15:54.096314+00:00,537c0997cd899394f47f16545b7068b2,Croazia,Ghana,2026-06-27T21:00:00+00:00,1.57,3.7,5.5
2026-06-14T17:15:54.096314+00:00,4be17c8e1ccfecb0f2a5ef79e045c415,Panama,Inghilterra,2026-06-27T21:00:00+00:00,9.0,5.7,1.25
2026-06-14T17:15:54.096314+00:00,67ae5751c401a98409b8566ae4897069,Colombia,Portogallo,2026-06-27T23:30:00+00:00,3.6,3.35,2.16
2026-06-14T17:15:54.096314+00:00,13eab94a136b9c264ba974cf437a5f71,Congo DR,Uzbekistan,2026-06-27T23:30:00+00:00,2.15,3.1,2.8
2026-06-14T17:15:54.096314+00:00,8756200e539155e571557c4f2e0d7f05,Algeria,Austria,2026-06-28T02:00:00+00:00,3.05,2.9,1.94
2026-06-14T17:15:54.096314+00:00,54697f453437ab26276d773be1d72e9b,Giordania,Argentina,2026-06-28T02:00:00+00:00,14.0,6.5,1.16
2026-06-15T03:41:41.319175+00:00,b55f9569de3f4d731bc5537ff5ff43e4,Svezia,Tunisia,2026-06-15T02:00:00+00:00,1.01,31.0,476.0
2026-06-15T03:41:41.319175+00:00,c54f00b11925751d2b62988775c6c239,Spagna,Capo Verde,2026-06-15T16:00:00+00:00,1.09,11.75,28.0
2026-06-15T03:41:41.319175+00:00,fbfb95c62003fd6d828b309f96ee1f9b,Belgio,Egitto,2026-06-15T19:00:00+00:00,1.61,3.98,5.9
2026-06-15T03:41:41.319175+00:00,64b91c5f2db61c7358a4f05459e83c52,Arabia Saudita,Uruguay,2026-06-15T22:00:00+00:00,7.6,4.25,1.48
2026-06-15T03:41:41.319175+00:00,ec51b9c44ad5e34552f3ab53f7262813,Iran,Nuova Zelanda,2026-06-16T01:00:00+00:00,1.95,3.41,4.37
2026-06-15T03:41:41.319175+00:00,73a4fcd14cc9766b9b9bfd50b8ca153a,Francia,Senegal,2026-06-16T19:00:00+00:00,1.47,4.45,7.3
2026-06-15T03:41:41.319175+00:00,4d4f2b9b78182b557d4fbf8dcf4f4af2,Iraq,Norvegia,2026-06-16T22:00:00+00:00,16.0,7.5,1.21
2026-06-15T03:41:41.319175+00:00,f31b2ee9e1cc6f7e641467f8237eaa21,Argentina,Algeria,2026-06-17T01:00:00+00:00,1.4,4.5,9.5
2026-06-15T03:41:41.319175+00:00,25161cf6cf0cd9be17ae2e7e224a1f45,Austria,Giordania,2026-06-17T04:00:00+00:00,1.36,5.5,9.0
2026-06-15T03:41:41.319175+00:00,6cc871c121a1869b4612d3fb22fa9d55,Portogallo,Congo DR,2026-06-17T17:00:00+00:00,1.3,5.8,11.5
2026-06-15T03:41:41.319175+00:00,689096c8cd7e2753b9fec95321943c5d,Inghilterra,Croazia,2026-06-17T20:00:00+00:00,1.73,3.82,4.95
2026-06-15T03:41:41.319175+00:00,87afdb85c977b451e1c00f5e3e632601,Ghana,Panama,2026-06-17T23:00:00+00:00,2.15,3.48,3.46
2026-06-15T03:41:41.319175+00:00,22083e7a8e5362c711bc05c1e1319a1f,Uzbekistan,Colombia,2026-06-18T02:00:00+00:00,9.3,4.65,1.39
2026-06-15T03:41:41.319175+00:00,66ebb9e3f949caded535d97ce686ca09,Cechia,Sudafrica,2026-06-18T16:00:00+00:00,1.72,3.85,4.8
2026-06-15T03:41:41.319175+00:00,289bc2e9f5adad8ae4d9a75a7c5461ad,Svizzera,Bosnia-Erzegovina,2026-06-18T19:00:00+00:00,1.56,4.0,6.25
2026-06-15T03:41:41.319175+00:00,fa9502285b257b03e62968d50d9229fc,Canada,Qatar,2026-06-18T22:00:00+00:00,1.24,5.2,8.5
2026-06-15T03:41:41.319175+00:00,0f2aeae6ac8e77223848d23a4ca86b0d,Messico,Corea del Sud,2026-06-19T01:00:00+00:00,1.96,3.4,4.0
2026-06-15T03:41:41.319175+00:00,065b3573e875f8d23803357f73e5b99e,USA,Australia,2026-06-19T19:00:00+00:00,1.63,4.4,5.9
2026-06-15T03:41:41.319175+00:00,4cd769aa7bae0ad9762bd69b80ef2903,Scozia,Marocco,2026-06-19T22:00:00+00:00,4.3,3.4,1.68
2026-06-15T03:41:41.319175+00:00,ef0f74a991d3e35798ae5af77667bce1,Brasile,Haiti,2026-06-20T01:00:00+00:00,1.08,9.11,22.34
2026-06-15T03:41:41.319175+00:00,f955d4b3395ce6e3b5ac1031ca52ca4e,Turchia,Paraguay,2026-06-20T03:00:00+00:00,2.1,3.4,3.9
2026-06-15T03:41:41.319175+00:00,4f0c518545b0096c68326daf25bffc1e,Olanda,Svezia,2026-06-20T17:00:00+00:00,1.61,3.9,5.1
2026-06-15T03:41:41.319175+00:00,f1ab0f69832972a329243522ceaa7804,Germania,Costa d'Avorio,2026-06-20T20:00:00+00:00,1.53,4.0,5.8
2026-06-15T03:41:41.319175+00:00,681895f294b670b4c7b14495dfb583bc,Ecuador,Curaçao,2026-06-21T00:00:00+00:00,1.08,8.0,14.0
2026-06-15T03:41:41.319175+00:00,dfc5202cf1b8ae002cf952cd04f235b9,Tunisia,Giappone,2026-06-21T04:00:00+00:00,5.8,3.75,1.56
2026-06-15T03:41:41.319175+00:00,73529a242e319a86bf3d00ddb4accc37,Spagna,Arabia Saudita,2026-06-21T16:00:00+00:00,1.12,10.0,30.0
2026-06-15T03:41:41.319175+00:00,5f92f257386ec5bf7c6e2498a21f3a61,Belgio,Iran,2026-06-21T19:00:00+00:00,1.36,4.68,7.89
2026-06-15T03:41:41.319175+00:00,852a3abe6d46820720febc0fedebff9a,Uruguay,Capo Verde,2026-06-21T22:00:00+00:00,1.43,4.4,8.0
2026-06-15T03:41:41.319175+00:00,c1ec9a65f4b4cf74477b368a7d6282de,Nuova Zelanda,Egitto,2026-06-22T01:00:00+00:00,5.0,3.5,1.7
2026-06-15T03:41:41.319175+00:00,be6c63f416c67bca1300a98f5b89c3af,Argentina,Austria,2026-06-22T17:00:00+00:00,1.6,3.85,5.4
2026-06-15T03:41:41.319175+00:00,7ad7a0ce2ef2618bb59b066da5642f70,Francia,Iraq,2026-06-22T21:00:00+00:00,1.1,9.0,21.0
2026-06-15T03:41:41.319175+00:00,3f48473742ca0fd2a85930554720c75e,Norvegia,Senegal,2026-06-23T00:00:00+00:00,2.2,3.54,3.48
2026-06-15T03:41:41.319175+00:00,fd8533b650e655030f6a7946f8795db2,Giordania,Algeria,2026-06-23T03:00:00+00:00,7.01,4.32,1.53
2026-06-15T03:41:41.319175+00:00,8ba93d190f1f934e33862a97a6353a6e,Portogallo,Uzbekistan,2026-06-23T17:00:00+00:00,1.2,5.7,9.0
2026-06-15T03:41:41.319175+00:00,2f49dd8deae3079dc4eb2d634d18a99c,Inghilterra,Ghana,2026-06-23T20:00:00+00:00,1.28,5.0,7.5
2026-06-15T03:41:41.319175+00:00,c1bc8c26480cd42b89a0de5329581314,Panama,Croazia,2026-06-23T23:00:00+00:00,5.5,3.85,1.49
2026-06-15T03:41:41.319175+00:00,68bfc965eb267508e04d8e8d75c1a0ae,Colombia,Congo DR,2026-06-24T02:00:00+00:00,1.49,4.3,8.0
2026-06-15T03:41:41.319175+00:00,512ac18beb5aa936a59f7ea3e497ada2,Bosnia-Erzegovina,Qatar,2026-06-24T19:00:00+00:00,1.56,4.0,6.0
2026-06-15T03:41:41.319175+00:00,c9ef5822ee64fd5275f7c73251bb56c7,Svizzera,Canada,2026-06-24T19:00:00+00:00,2.05,3.3,3.4
2026-06-15T03:41:41.319175+00:00,885ba95805db310a7bcc3fb1a7a6dd28,Scozia,Brasile,2026-06-24T22:00:00+00:00,6.75,4.7,1.41
2026-06-15T03:41:41.319175+00:00,d1279ce7f33136a33e99ad442fc855e8,Marocco,Haiti,2026-06-24T22:00:00+00:00,1.25,5.5,9.5
2026-06-15T03:41:41.319175+00:00,5993bd5196ca09f83990f0c3261e442e,Cechia,Messico,2026-06-25T01:00:00+00:00,3.8,3.15,1.66
2026-06-15T03:41:41.319175+00:00,c0355dfc6e26ec327e379b6ef5824a5f,Sudafrica,Corea del Sud,2026-06-25T01:00:00+00:00,4.5,3.45,1.48
2026-06-15T03:41:41.319175+00:00,a5a0b544a984ab16e564264f3e859b43,Curaçao,Costa d'Avorio,2026-06-25T20:00:00+00:00,10.5,5.9,1.08
2026-06-15T03:41:41.319175+00:00,0ec28b84ec399bd4dffbe8d1bc72b3c4,Ecuador,Germania,2026-06-25T20:00:00+00:00,3.9,3.3,1.58
2026-06-15T03:41:41.319175+00:00,0ed0233bddc4eafc8507f86a9c17b998,Giappone,Svezia,2026-06-25T23:00:00+00:00,1.93,3.4,3.7
2026-06-15T03:41:41.319175+00:00,f3c4657daa143a0c5bd62cb370d01ce4,Tunisia,Olanda,2026-06-25T23:00:00+00:00,6.52,4.12,1.53
2026-06-15T03:41:41.319175+00:00,22f6ac06dfcc88a847920f62633e6459,Paraguay,Australia,2026-06-26T02:00:00+00:00,2.0,3.05,3.1
2026-06-15T03:41:41.319175+00:00,f41aeac9a8343a84b4950f15ea25fba2,Turchia,USA,2026-06-26T02:00:00+00:00,2.45,3.2,2.15
2026-06-15T03:41:41.319175+00:00,b86b4d60f773e9e3c46c00e9a6496e79,Norvegia,Francia,2026-06-26T19:00:00+00:00,4.39,3.66,1.78
2026-06-15T03:41:41.319175+00:00,7e6aee294ea1a4792c59558791084528,Senegal,Iraq,2026-06-26T19:00:00+00:00,1.45,4.31,7.72
2026-06-15T03:41:41.319175+00:00,e07b1926be5a4d515c7eb108dbcee9c5,Capo Verde,Arabia Saudita,2026-06-27T00:00:00+00:00,2.4,3.5,2.6
2026-06-15T03:41:41.319175+00:00,dcff2e31c0bce001a4db5caaf4fa8822,Uruguay,Spagna,2026-06-27T00:00:00+00:00,5.3,3.8,1.57
2026-06-15T03:41:41.319175+00:00,581691da05dcd75b5c6d3be91ee9d2ab,Nuova Zelanda,Belgio,2026-06-27T03:00:00+00:00,9.48,5.58,1.3
2026-06-15T03:41:41.319175+00:00,3e3b5fa2b3c963e74cf044c60db0b573,Egitto,Iran,2026-06-27T03:00:00+00:00,2.26,3.08,3.62
2026-06-15T03:41:41.319175+00:00,537c0997cd899394f47f16545b7068b2,Croazia,Ghana,2026-06-27T21:00:00+00:00,1.57,3.7,5.5
2026-06-15T03:41:41.319175+00:00,4be17c8e1ccfecb0f2a5ef79e045c415,Panama,Inghilterra,2026-06-27T21:00:00+00:00,9.0,5.7,1.25
2026-06-15T03:41:41.319175+00:00,67ae5751c401a98409b8566ae4897069,Colombia,Portogallo,2026-06-27T23:30:00+00:00,3.6,3.35,2.16
2026-06-15T03:41:41.319175+00:00,13eab94a136b9c264ba974cf437a5f71,Congo DR,Uzbekistan,2026-06-27T23:30:00+00:00,2.15,3.1,2.8
2026-06-15T03:41:41.319175+00:00,8756200e539155e571557c4f2e0d7f05,Algeria,Austria,2026-06-28T02:00:00+00:00,3.05,2.9,1.94
2026-06-15T03:41:41.319175+00:00,54697f453437ab26276d773be1d72e9b,Giordania,Argentina,2026-06-28T02:00:00+00:00,14.0,6.5,1.16
